site,date,doy,replicate,0,0.5,1,1.5,2,2.5,3,3.5,4,5.0,6,notes
Muddy Creek,06/03/2025,154,1,789.00,76.01,6.88,,,,,,,,,
Muddy Creek,06/03/2025,154,2,1142.00,69.11,8.02,,,,,,,,,
Muddy Creek,06/03/2025,154,avg,965.50,72.56,7.45,,,,,,,,,
ODNR_4,06/03/2025,154,1,1165.00,101.00,6.59,1.10,,,,,,,,
ODNR_4,06/03/2025,154,2,1033.00,79.04,8.61,0.80,,,,,,,,
ODNR_4,06/03/2025,154,avg,1099.00,90.02,7.60,0.95,,,,,,,,
ODNR_6,06/03/2025,154,1,844.00,207.00,32.41,6.32,0.12,,,,,,,
ODNR_6,06/03/2025,154,2,941.00,161.00,23.38,4.48,0.92,,,,,,,
ODNR_6,06/03/2025,154,avg,892.50,184.00,27.90,5.40,0.52,,,,,,,
ODNR_2,06/03/2025,154,1,973.00,171.00,37.90,4.97,1.33,,,,,,,
ODNR_2,06/03/2025,154,2,517.00,110.00,20.53,4.84,1.37,,,,,,,
ODNR_2,06/03/2025,154,avg,745.00,140.50,29.22,4.91,1.35,,,,,,,
Buoy_2,06/03/2025,154,1,1611.00,319.50,73.12,21.75,5.85,1.56,,,,,,
Buoy_2,06/03/2025,154,2,1155.00,242.00,71.65,13.78,5.48,1.55,,,,,,
Buoy_2,06/03/2025,154,avg,1383.00,280.75,72.39,17.77,5.67,1.56,,,,,,
ODNR_1,06/03/2025,154,1,1500.00,327.90,84.78,25.19,14.08,2.49,,,,,,
ODNR_1,06/03/2025,154,2,1487.00,356.50,81.20,24.48,5.63,1.37,,,,,,
ODNR_1,06/03/2025,154,avg,1493.50,342.20,82.99,24.84,9.86,1.93,,,,,,
EC_1163,06/03/2025,154,1,1397.00,476.60,106.90,53.63,11.03,4.67,2.45,,,,,
EC_1163,06/03/2025,154,2,1326.00,457.80,149.40,57.21,13.35,3.37,1.99,,,,,
EC_1163,06/03/2025,154,avg,1361.50,467.20,128.15,55.42,12.19,4.02,2.22,,,,,
Causeway,06/03/2025,154,1,857.00,461.00,108.95,,,,,,,,,
Causeway,06/03/2025,154,2,1315.00,482.30,191.60,,,,,,,,,
Causeway,06/03/2025,154,avg,1086.00,471.65,150.28,,,,,,,,,
Bells,06/03/2025,154,1,1321.00,885.10,324.20,153.60,55.65,33.16,21.40,13.32,7.07,3.25,1.31,
Bells,06/03/2025,154,2,1460.00,565.10,250.50,99.94,62.55,34.28,24.25,10.45,4.31,2.31,1.11,
Bells,06/03/2025,154,avg,1390.50,725.10,287.35,126.77,59.10,33.72,22.83,11.89,5.69,2.78,1.21,
Muddy_Creek,06/10/2025,161,1,2477.00,31.16,0.30,,,,,,,,,
Muddy_Creek,06/10/2025,161,2,1789.00,66.14,4.09,,,,,,,,,
ODNR_4,06/10/2025,161,1,1318.50,132.00,12.66,0.68,,,,,,,,
ODNR_4,06/10/2025,161,2,1296.00,132.00,9.73,0.61,,,,,,,,
ODNR_6,06/10/2025,161,1,1838.00,325.00,9.78,1.04,0.08,,,,,,,
ODNR_6,06/10/2025,161,2,1962.00,27.16,5.34,0.58,0.06,,,,,,,
ODNR_2,06/10/2025,161,1,1882.00,439.00,137.10,48.99,9.09,,,,,,,
ODNR_2,06/10/2025,161,2,1763.50,397.60,105.40,41.41,7.71,,,,,,,
Buoy_2,06/10/2025,161,1,870.20,531.80,198.18,52.18,19.18,7.53,,,,,,
Buoy_2,06/10/2025,161,2,2444.00,611.60,221.90,50.39,18.73,6.31,,,,,,
ODNR_1,06/10/2025,161,1,1159.00,440.90,117.56,34.75,9.46,3.38,,,,,,
ODNR_1,06/10/2025,161,2,1643.00,375.70,143.31,37.14,13.41,3.34,,,,,,
EC_1163,06/10/2025,161,1,1545.00,386.50,92.07,17.34,4.84,0.87,,,,,,
EC_1163,06/10/2025,161,2,1742.00,380.30,63.35,15.08,4.81,1.32,,,,,,
Causeway,06/10/2025,161,1,1830.00,339.40,68.31,,,,,,,,,
Causeway,06/10/2025,161,2,1706.00,288.80,85.92,,,,,,,,,
Bells,06/10/2025,161,1,NA,NA,NA,NA,NA,NA,NA,NA,NA,NA,NA,NA
Bells,06/10/2025,161,2,NA,NA,NA,NA,NA,NA,NA,NA,NA,NA,NA,NA
Muddy_Creek,,,avg,2133.00,48.65,2.20,,,,,,,,,
ODNR_4,,,avg,1307.25,132.00,11.20,0.65,,,,,,,,
ODNR_6,,,avg,1900.00,176.08,7.56,0.81,0.07,,,,,,,
ODNR_2,,,avg,1822.75,418.30,121.25,45.20,8.40,,,,,,,
Buoy_2,,,avg,1657.10,571.70,210.04,51.29,18.96,6.92,,,,,,
ODNR_1,,,avg,1401.00,408.30,130.44,35.95,11.44,3.36,,,,,,
EC_1163,,,avg,1643.50,383.40,77.71,16.21,4.83,1.10,,,,,,
Causeway,,,avg,1768.00,314.10,77.12,,,,,,,,,
Bells,,,avg,,,,,,,,,,,,
Muddy_Creek,06/17/2025,168,1,939.50,50.70,1.29,,,,,,,,,
Muddy_Creek,06/17/2025,168,2,1093.90,32.09,1.37,,,,,,,,,
ODNR_4,06/17/2025,168,1,1511.50,170.80,29.80,5.29,,,,,,,,
ODNR_4,06/17/2025,168,2,997.00,127.82,53.52,4.74,,,,,,,,
ODNR_6,06/17/2025,168,1,1750.20,354.00,60.62,12.01,3.56,,,,,,,
ODNR_6,06/17/2025,168,2,1117.80,291.00,73.07,15.68,3.38,,,,,,,
ODNR_2,06/17/2025,168,1,1443.70,726.70,365.60,141.29,47.68,,,,,,,
ODNR_2,06/17/2025,168,2,1760.10,771.70,320.30,112.06,41.20,,,,,,,
Buoy_2,06/17/2025,168,1,1196.40,206.60,421.16,140.53,53.24,,,,,,,
Buoy_2,06/17/2025,168,2,1291.80,586.20,372.03,50.22,16.12,,,,,,,
ODNR_1,06/17/2025,168,1,1075.00,708.70,378.10,190.94,80.67,27.07,,,,,,
ODNR_1,06/17/2025,168,2,1101.10,769.20,352.80,182.01,76.23,28.56,,,,,,
EC_1163,06/17/2025,168,1,1241.60,895.70,424.90,134.32,NA,NA,,,,,,
EC_1163,06/17/2025,168,,NA,,,,,,,,,,,
Causeway,06/17/2025,168,1,NA,,,,,,,,,,,
Causeway,06/17/2025,168,2,NA,,,,,,,,,,,
Bells,06/17/2025,168,1,NA,,,,,,,,,,,
Bells,06/17/2025,168,2,NA,,,,,,,,,,,
Muddy_Creek,,,avg,1016.70,41.40,1.33,,,,,,,,,
ODNR_4,,,avg,1254.25,149.31,41.66,5.02,,,,,,,,
ODNR_6,,,avg,1434.00,322.50,66.85,13.85,3.47,,,,,,,
ODNR_2,,,avg,1601.90,749.20,342.95,126.68,44.44,,,,,,,
Buoy_2,,,avg,1244.10,396.40,396.60,95.38,34.68,,,,,,,
ODNR_1,,,avg,1088.05,738.95,365.45,186.48,78.45,27.82,,,,,,
EC_1163,,,avg,1241.60,895.70,424.90,134.32,,,,,,,,
Causeway,,,avg,,,,,,,,,,,,
Bells,,,avg,,,,,,,,,,,,
Muddy_Creek,06/24/2025,175,1,241.00,17.91,0.46,,,,,,,,,
Muddy_Creek,06/24/2025,175,2,385.70,10.33,0.47,,,,,,,,,
ODNR_4,06/24/2025,175,1,508.20,45.03,10.53,1.53,,,,,,,,
ODNR_4,06/24/2025,175,2,499.60,49.56,7.32,1.12,,,,,,,,
ODNR_6,06/24/2025,175,1,588.20,193.39,44.04,6.19,0.99,,,,,,,
ODNR_6,06/24/2025,175,2,572.30,219.90,58.34,5.20,1.16,,,,,,,
ODNR_2,06/24/2025,175,1,984.20,182.10,50.56,15.89,5.82,,,,,,,
ODNR_2,06/24/2025,175,2,782.20,220.50,60.36,17.35,6.52,,,,,,,
Buoy_2,06/24/2025,175,1,787.00,214.20,59.59,21.69,7.84,2.29,,,,,,
Buoy_2,06/24/2025,175,2,538.90,129.58,51.53,15.67,5.58,1.80,,,,,,
ODNR_1,06/24/2025,175,1,419.10,188.55,62.47,19.08,9.07,3.43,,,,,,
ODNR_1,06/24/2025,175,2,548.90,203.90,72.35,20.96,6.76,3.23,,,,,,
EC_1163,06/24/2025,175,1,576.00,170.86,69.65,20.41,10.15,4.36,1.76,,,,,
EC_1163,06/24/2025,175,2,909.00,279.10,91.13,26.44,13.70,4.21,1.78,,,,,
Causeway,06/24/2025,175,1,792.20,181.20,75.37,,,,,,,,,
Causeway,06/24/2025,175,2,797.30,124.60,73.32,,,,,,,,,
Bells,06/24/2025,175,1,421.30,232.80,136.70,76.11,44.15,28.24,18.97,12.64,6.78,3.98,2.66,
Bells,06/24/2025,175,2,470.30,249.80,155.51,72.52,49.42,22.52,17.85,10.52,6.93,4.44,2.86,
Muddy_Creek,,,avg,313.35,14.12,0.47,,,,,,,,,
ODNR_4,,,avg,503.90,47.30,8.93,1.33,,,,,,,,
ODNR_6,,,avg,580.25,206.65,51.19,5.70,1.08,,,,,,,
ODNR_2,,,avg,883.20,201.30,55.46,16.62,6.17,,,,,,,
Buoy_2,,,avg,662.95,171.89,55.56,18.68,6.71,2.05,,,,,,
ODNR_1,,,avg,484.00,196.23,67.41,20.02,7.92,3.33,,,,,,
EC_1163,,,avg,742.50,224.98,80.39,23.43,11.93,4.29,1.77,,,,,
Causeway,,,avg,794.75,152.90,74.35,,,,,,,,,
Bells,,,avg,445.80,241.30,146.11,74.32,46.79,25.38,18.41,11.58,6.86,4.21,2.76,
Muddy_Creek,07/01/2025,182,1,157.60,9.26,0.90,,,,,,,,,
Muddy_Creek,07/01/2025,182,2,128.11,10.24,0.99,,,,,,,,,
ODNR_4,07/01/2025,182,1,181.15,18.75,2.62,0.29,,,,,,,,
ODNR_4,07/01/2025,182,2,213.70,18.99,2.68,0.32,,,,,,,,
ODNR_6,07/01/2025,182,1,171.59,52.59,8.32,1.68,0.48,,,,,,,
ODNR_6,07/01/2025,182,2,241.80,43.83,10.00,2.28,0.48,,,,,,,
ODNR_2,07/01/2025,182,1,1226.60,69.25,42.21,11.09,0.30,,,,,,,
ODNR_2,07/01/2025,182,2,1273.90,252.10,29.78,9.59,0.30,,,,,,,
Buoy_2,07/01/2025,182,1,2031.00,502.80,158.25,30.49,7.12,3.21,,,,,,
Buoy_2,07/01/2025,182,2,1443.70,489.20,138.63,33.13,12.55,3.04,,,,,,
ODNR_1,07/01/2025,182,1,1820.00,261.60,63.70,20.75,5.91,1.54,,,,,,
ODNR_1,07/01/2025,182,2,903.60,419.20,90.53,20.50,5.59,1.64,,,,,,
EC_1163,07/01/2025,182,1,1212.60,398.80,71.89,46.36,19.61,6.81,2.29,,,,,
EC_1163,07/01/2025,182,2,890.00,520.40,197.98,68.39,20.53,5.77,2.33,,,,,
Causeway,07/01/2025,182,1,1526.10,411.60,0.09,,,,,,,,,
Causeway,07/01/2025,182,2,536.30,321.50,87.43,,,,,,,,,
Bells,07/01/2025,182,1,1533.00,1276.80,706.50,663.70,581.30,364.30,281.10,257.10,202.80,138.29,104.00,
Bells,07/01/2025,182,2,1450.00,938.00,780.00,785.40,572.20,349.70,290.90,261.60,192.61,139.72,110.71,
Muddy_Creek,,,avg,142.86,9.75,0.95,,,,,,,,,
ODNR_4,,,avg,197.43,18.87,2.65,0.31,,,,,,,,
ODNR_6,,,avg,206.70,48.21,9.16,1.98,0.48,,,,,,,
ODNR_2,,,avg,1250.25,160.68,36.00,10.34,0.30,,,,,,,
Buoy_2,,,avg,1737.35,496.00,148.44,31.81,9.84,3.13,,,,,,
ODNR_1,,,avg,1361.80,340.40,77.12,20.63,5.75,1.59,,,,,,
EC_1163,,,avg,1051.30,459.60,134.94,57.38,20.07,6.29,2.31,,,,,
Causeway,,,avg,1031.20,366.55,43.76,,,,,,,,,
Bells,,,avg,1491.50,1107.40,743.25,724.55,576.75,357.00,286.00,259.35,197.71,139.01,107.36,
Muddy_Creek,07/08/2025,189,1,1334.80,59.95,5.65,,,,,,,,,
Muddy_Creek,07/08/2025,189,2,1210.90,89.91,5.67,,,,,,,,,
ODNR_4,07/08/2025,189,1,882.00,49.23,1.43,0.35,,,,,,,,
ODNR_4,07/08/2025,189,2,1577.90,127.49,13.37,1.30,,,,,,,,
ODNR_6,07/08/2025,189,1,682.20,52.78,5.70,0.47,,,,,,,,
ODNR_6,07/08/2025,189,2,475.00,64.29,7.44,0.68,,,,,,,,
ODNR_2,07/08/2025,189,1,2247.00,242.30,59.92,12.20,1.77,,,,,,,
ODNR_2,07/08/2025,189,2,2251.00,272.00,41.87,8.87,1.83,,,,,,,
Buoy_2,07/08/2025,189,1,2088.00,352.50,73.41,21.18,5.88,2.88,,,,,,
Buoy_2,07/08/2025,189,2,1556.60,242.10,74.61,17.47,7.53,1.90,,,,,,
ODNR_1,07/08/2025,189,1,2023.00,442.30,78.33,22.73,8.34,2.51,,,,,,
ODNR_1,07/08/2025,189,2,2194.00,546.42,407.48,34.48,9.11,2.70,,,,,,
EC_1163,07/08/2025,189,1,1695.50,44.91,16.33,3.02,0.96,,,,,,,
EC_1163,07/08/2025,189,2,1220.60,69.33,13.45,5.82,0.98,,,,,,,
Causeway,07/08/2025,189,1,2313.00,500.80,114.21,,,,,,,,,
Causeway,07/08/2025,189,2,2085.00,432.90,13.19,,,,,,,,,
Bells,07/08/2025,189,1,1587.00,1200.87,1052.30,306.70,282.20,190.16,185.70,183.25,105.43,70.09,,
Bells,07/08/2025,189,2,1444.80,157.50,757.50,326.80,283.30,187.20,147.06,154.65,77.11,76.53,,
Muddy_Creek,,,avg,1272.85,74.93,5.66,,,,,,,,,
ODNR_4,,,avg,1229.95,88.36,7.40,0.83,,,,,,,,
ODNR_6,,,avg,578.60,58.54,6.57,0.58,,,,,,,,
ODNR_2,,,avg,2249.00,257.15,50.90,10.54,1.80,,,,,,,
Buoy_2,,,avg,1822.30,297.30,74.01,19.33,6.71,2.39,,,,,,
ODNR_1,,,avg,2108.50,494.36,242.91,28.61,8.73,2.61,,,,,,
EC_1163,,,avg,1458.05,57.12,14.89,4.42,0.97,,,,,,,
Causeway,,,avg,2199.00,466.85,63.70,,,,,,,,,
Bells,,,avg,1515.90,679.19,904.90,316.75,282.75,188.68,166.38,168.95,91.27,73.31,,
Muddy_Creek,07/15/2025,196,1,1879.00,54.85,2.93,,,,,,,,,
Muddy_Creek,07/15/2025,196,2,1785.50,45.43,2.45,,,,,,,,,
ODNR_4,07/15/2025,196,1,2237.00,107.62,8.96,0.92,,,,,,,,
ODNR_4,07/15/2025,196,2,1410.20,77.87,7.57,0.91,,,,,,,,
ODNR_6,07/15/2025,196,1,1136.20,129.64,13.99,2.94,0.38,,,,,,,
ODNR_6,07/15/2025,196,2,1574.20,153.89,17.44,2.17,0.41,,,,,,,
ODNR_2,07/15/2025,196,1,2070.00,350.70,70.00,18.42,6.72,,,,,,,
ODNR_2,07/15/2025,196,2,2263.00,372.70,49.71,17.00,7.06,,,,,,,
Buoy_2,07/15/2025,196,1,2500.00,526.80,125.00,41.52,8.60,1.25,,,,,,
Buoy_2,07/15/2025,196,2,1788.00,4033.80,105.48,35.40,12.80,4.04,,,,,,
ODNR_1,07/15/2025,196,1,2063.00,487.30,116.88,35.39,11.21,3.96,,,,,,
ODNR_1,07/15/2025,196,2,1888.77,508.60,129.53,34.76,12.31,3.92,,,,,,
EC_1163,07/15/2025,196,1,2661.00,477.20,126.90,39.54,11.34,5.46,2.43,,,,,
EC_1163,07/15/2025,196,2,514.70,374.40,109.06,28.25,12.31,5.89,2.58,,,,,
Causeway,07/15/2025,196,1,1466.60,106.38,52.04,,,,,,,,,
Causeway,07/15/2025,196,2,1068.10,62.03,44.57,,,,,,,,,
Bells,07/15/2025,196,1,1630.50,986.10,829.10,680.40,542.10,391.30,219.40,180.94,98.00,113.33,91.36,
Bells,07/15/2025,196,2,1412.50,934.70,689.60,593.50,433.60,268.10,268.10,221.00,172.00,125.55,92.23,
Muddy_Creek,,,avg,1832.25,50.14,2.69,,,,,,,,,
ODNR_4,,,avg,1823.60,92.75,8.27,0.92,,,,,,,,
ODNR_6,,,avg,1355.20,141.77,15.72,2.56,0.40,,,,,,,
ODNR_2,,,avg,2166.50,361.70,59.86,17.71,6.89,,,,,,,
Buoy_2,,,avg,2144.00,2280.30,115.24,38.46,10.70,2.65,,,,,,
ODNR_1,,,avg,1975.89,497.95,123.21,35.08,11.76,3.94,,,,,,
EC_1163,,,avg,1587.85,425.80,117.98,33.90,11.83,5.68,2.51,,,,,
Causeway,,,avg,1267.35,84.21,48.31,,,,,,,,,
Bells,,,avg,1521.50,960.40,759.35,636.95,487.85,329.70,243.75,200.97,135.00,119.44,91.80,
Muddy_Creek,07/22/2025,203,1,969.10,20.35,0.32,,,,,,,,,
Muddy_Creek,07/22/2025,203,2,2154.00,24.62,0.34,,,,,,,,,
ODNR_4,07/22/2025,203,1,2216.00,114.90,9.15,0.74,,,,,,,,
ODNR_4,07/22/2025,203,2,1748.70,97.31,8.76,0.75,,,,,,,,
ODNR_6,07/22/2025,203,1,2525.00,112.03,8.64,0.72,0.07,,,,,,,
ODNR_6,07/22/2025,203,2,2366.00,102.95,7.58,0.57,0.07,,,,,,,
ODNR_2,07/22/2025,203,1,2692.00,465.10,121.28,37.78,12.99,,,,,,,
ODNR_2,07/22/2025,203,2,2503.00,543.80,132.48,36.36,13.24,,,,,,,
Buoy_2,07/22/2025,203,1,2592.00,441.30,132.11,41.38,11.99,3.50,,,,,,
Buoy_2,07/22/2025,203,2,2560.00,565.00,145.14,44.53,13.77,4.21,,,,,,
ODNR_1,07/22/2025,203,1,2549.00,565.90,181.80,58.39,20.61,5.13,,,,,,
ODNR_1,07/22/2025,203,2,2404.00,661.80,187.70,60.83,19.43,5.06,,,,,,
EC_1163,07/22/2025,203,1,2581.00,782.70,318.10,144.88,74.06,34.89,11.98,,,,,
EC_1163,07/22/2025,203,2,2233.00,822.70,314.20,178.10,82.68,35.03,13.50,,,,,
Causeway,07/22/2025,203,1,2184.00,526.10,130.53,,,,,,,,,
Causeway,07/22/2025,203,2,2311.00,547.80,127.35,,,,,,,,,
Bells,07/22/2025,203,1,2258.00,1253.20,910.40,464.50,393.00,230.53,105.67,71.25,40.83,26.44,4.99,
Bells,07/22/2025,203,2,2281.00,1012.40,930.20,550.70,313.90,130.96,109.14,68.47,42.05,21.00,4.24,
Muddy_Creek,,,avg,1561.55,22.49,0.33,,,,,,,,,
ODNR_4,,,avg,1982.35,106.11,8.96,0.75,,,,,,,,
ODNR_6,,,avg,2445.50,107.49,8.11,0.65,0.07,,,,,,,
ODNR_2,,,avg,2597.50,504.45,126.88,37.07,13.12,,,,,,,
Buoy_2,,,avg,2576.00,503.15,138.63,42.96,12.88,3.86,,,,,,
ODNR_1,,,avg,2476.50,613.85,184.75,59.61,20.02,5.10,,,,,,
EC_1163,,,avg,2407.00,802.70,316.15,161.49,78.37,34.96,12.74,,,,,
Causeway,,,avg,2247.50,536.95,128.94,,,,,,,,,
Bells,,,avg,2269.50,1132.80,920.30,507.60,353.45,180.75,107.41,69.86,41.44,23.72,4.62,
Muddy_Creek,07/29/2025,210,1,391.40,16.77,0.60,,,,,,,,,
Muddy_Creek,07/29/2025,210,2,379.60,18.50,0.70,,,,,,,,,
ODNR_4,07/29/2025,210,1,1036.30,103.06,4.39,0.30,,,,,,,,
ODNR_4,07/29/2025,210,2,1124.50,120.20,2.69,0.12,,,,,,,,
ODNR_6,07/29/2025,210,1,1287.50,211.10,7.00,1.20,,,,,,,,
ODNR_6,07/29/2025,210,2,1157.40,192.30,10.90,1.20,,,,,,,,
ODNR_2,07/29/2025,210,1,589.70,51.78,36.50,13.31,3.08,,,,,,,
ODNR_2,07/29/2025,210,2,481.60,111.70,32.61,13.70,2.90,,,,,,,
Buoy_2,07/29/2025,210,1,559.10,119.86,17.41,7.89,2.67,,,,,,,
Buoy_2,07/29/2025,210,2,693.40,163.48,31.64,8.54,2.42,,,,,,,
ODNR_1,07/29/2025,210,1,1827.60,366.60,142.00,47.25,14.56,2.66,,,,,,
ODNR_1,07/29/2025,210,2,1478.30,369.80,109.93,45.49,13.60,3.14,,,,,,
EC_1163,07/29/2025,210,1,1170.30,202.40,142.52,73.26,24.58,9.26,3.01,,,,,
EC_1163,07/29/2025,210,2,1818.70,637.10,188.01,62.87,20.09,8.00,2.49,,,,,
Causeway,07/29/2025,210,1,2002.00,659.30,124.45,40.32,,,,,,,,
Causeway,07/29/2025,210,2,2345.00,665.70,126.24,27.37,,,,,,,,
Bells,07/29/2025,210,1,1477.50,1142.30,807.70,390.10,349.90,218.80,156.46,,,,,
Bells,07/29/2025,210,2,2094.00,1381.60,623.80,563.70,353.80,185.59,150.24,,,,,
Muddy_Creek,07/29/2025,210,avg,385.50,17.64,0.65,,,,,,,,,
ODNR_4,07/29/2025,210,avg,1080.40,111.63,3.54,0.21,,,,,,,,
ODNR_6,07/29/2025,210,avg,1222.45,201.70,8.95,1.20,,,,,,,,
ODNR_2,07/29/2025,210,avg,535.65,81.74,34.56,13.51,2.99,,,,,,,
Buoy_2,07/29/2025,210,avg,626.25,141.67,24.53,8.22,2.55,,,,,,,
ODNR_1,07/29/2025,210,avg,1652.95,368.20,125.97,46.37,14.08,2.90,,,,,,
EC_1163,07/29/2025,210,avg,1494.50,419.75,165.27,68.07,22.34,8.63,2.75,,,,,
Causeway,07/29/2025,210,avg,2173.50,662.50,125.35,33.85,,,,,,,,
Bells,07/29/2025,210,avg,1785.75,1261.95,715.75,476.90,351.85,202.20,153.35,,,,,
Muddy_Creek,08/05/2025,217,1,1153.20,69.42,6.68,,,,,,,,,
Muddy_Creek,08/05/2025,217,2,279.00,12.10,5.62,,,,,,,,,
ODNR_4,08/05/2025,217,1,747.90,82.44,11.66,0.66,,,,,,,,
ODNR_4,08/05/2025,217,2,1019.00,123.00,9.25,0.55,,,,,,,,
ODNR_6,08/05/2025,217,1,931.20,187.40,16.04,2.29,0.36,,,,,,,
ODNR_6,08/05/2025,217,2,987.00,187.01,21.27,2.12,0.42,,,,,,,
ODNR_2,08/05/2025,217,1,995.00,250.80,38.07,9.44,1.46,,,,,,,
ODNR_2,08/05/2025,217,2,1594.30,233.60,60.36,7.63,1.37,,,,,,,
Buoy_2,N/A,,1,,,,,,,,,,,,
Buoy_2,N/A,,2,,,,,,,,,,,,
ODNR_1,N/A,,1,,,,,,,,,,,,
ODNR_1,N/A,,2,,,,,,,,,,,,
EC_1163,08/05/2025,217,1,1349.30,353.30,108.25,34.07,3.68,1.16,0.78,,,,,
EC_1163,08/05/2025,217,2,1642.30,315.50,116.13,33.22,11.67,3.08,0.99,,,,,
Causeway,08/05/2025,217,1,1543.20,396.90,68.01,,,,,,,,,
Causeway,08/05/2025,217,2,778.40,344.40,59.09,,,,,,,,,
Bells,08/05/2025,217,1,743.00,416.42,109.84,58.92,24.65,15.75,7.24,,,,,
Bells,08/05/2025,217,2,874.40,561.70,181.84,61.72,33.63,10.12,5.65,,,,,
Muddy_Creek,,,avg,716.10,40.76,6.15,,,,,,,,,
ODNR_4,,,avg,883.45,102.72,10.46,0.61,,,,,,,,
ODNR_6,,,avg,959.10,187.21,18.66,2.21,0.39,,,,,,,
ODNR_2,,,avg,1294.65,242.20,49.22,8.54,1.42,,,,,,,
Buoy_2,,,avg,,,,,,,,,,,,
ODNR_1,,,avg,,,,,,,,,,,,
EC_1163,,,avg,1495.80,334.40,112.19,33.65,7.68,2.12,0.89,,,,,
Causeway,,,avg,1160.80,370.65,63.55,,,,,,,,,
Bells,,,avg,808.70,489.06,145.84,60.32,29.14,12.94,6.45,,,,,
Muddy_Creek,08/12/2025,224,1,24.85,1.61,,,,,,,,,,
Muddy_Creek,08/12/2025,224,2,67.66,2.01,,,,,,,,,,
ODNR_4,08/12/2025,224,1,1792.10,163.78,9.24,0.60,,,,,,,,
ODNR_4,08/12/2025,224,2,70.03,9.40,3.37,0.31,,,,,,,,
ODNR_6,08/12/2025,224,1,1681.20,153.40,16.77,2.05,,,,,,,,
ODNR_6,08/12/2025,224,2,1277.60,168.82,15.87,2.11,,,,,,,,
ODNR_2,08/12/2025,224,1,1337.80,411.10,103.61,21.66,5.71,,,,,,,
ODNR_2,08/12/2025,224,2,1241.80,333.20,82.75,19.08,5.40,,,,,,,
Buoy_2,08/12/2025,224,1,1614.30,564.20,150.58,46.67,14.39,2.99,,,,,,
Buoy_2,08/12/2025,224,2,1673.90,590.90,127.67,44.89,13.55,2.55,,,,,,
ODNR_1,08/12/2025,224,1,954.90,295.50,94.45,36.30,13.13,4.32,,,,,,
ODNR_1,08/12/2025,224,2,1343.70,433.20,128.02,37.03,13.12,4.32,,,,,,
EC_1163,08/12/2025,224,1,1121.10,440.20,116.79,34.60,11.09,3.40,1.37,,,,,
EC_1163,08/12/2025,224,2,926.10,420.10,101.28,33.95,10.82,3.74,1.33,,,,,
Causeway,08/12/2025,224,1,1603.80,119.20,95.03,,,,,,,,,
Causeway,08/12/2025,224,2,213.80,85.63,42.62,,,,,,,,,
Bells,08/12/2025,224,1,1840.40,1444.40,849.00,711.10,522.80,171.41,163.67,,,,,
Bells,08/12/2025,224,2,1563.80,1331.80,98.20,829.70,583.00,406.30,259.90,,,,,
Muddy_Creek,,,avg,46.26,1.81,,,,,,,,,,
ODNR_4,,,avg,931.07,86.59,6.31,0.46,,,,,,,,
ODNR_6,,,avg,1479.40,161.11,16.32,2.08,,,,,,,,
ODNR_2,,,avg,1289.80,372.15,93.18,20.37,5.56,,,,,,,
Buoy_2,,,avg,1644.10,577.55,139.13,45.78,13.97,2.77,,,,,,
ODNR_1,,,avg,1149.30,364.35,111.24,36.67,13.12,4.32,,,,,,
EC_1163,,,avg,1023.60,430.15,109.04,34.28,10.96,3.57,1.35,,,,,
Causeway,,,avg,908.80,102.42,68.83,,,,,,,,,
Bells,,,avg,1702.10,1388.10,473.60,770.40,552.90,288.86,211.79,,,,,
Muddy_Creek,08/20/2025,232,1,85.05,1.80,0.01,,,,,,,,,
Muddy_Creek,08/20/2025,232,2,84.10,1.94,0.00,,,,,,,,,
ODNR_4,08/20/2025,232,1,87.23,2.80,0.00,,,,,,,,,
ODNR_4,08/20/2025,232,2,77.30,4.43,0.00,,,,,,,,,
ODNR_6,08/20/2025,232,1,108.06,8.36,0.88,,,,,,,,,
ODNR_6,08/20/2025,232,2,121.78,9.66,0.92,,,,,,,,,
ODNR_2,08/20/2025,232,1,140.33,12.16,1.18,0.33,,,,,,,,
ODNR_2,08/20/2025,232,2,96.61,10.47,1.66,0.38,,,,,,,,
Buoy_2,08/20/2025,232,1,148.94,18.10,4.44,0.84,,,,,,,,
Buoy_2,08/20/2025,232,2,113.78,15.96,3.80,0.92,,,,,,,,
ODNR_1,08/20/2025,232,1,352.20,66.23,12.81,3.05,0.78,,,,,,,
ODNR_1,08/20/2025,232,2,132.78,36.58,9.68,3.13,0.82,,,,,,,
EC_1163,08/20/2025,232,1,149.30,34.20,10.40,2.71,0.77,,,,,,,
EC_1163,08/20/2025,232,2,172.20,36.50,14.33,3.09,0.86,,,,,,,
Causeway,08/20/2025,232,1,696.80,143.80,31.30,,,,,,,,,
Causeway,08/20/2025,232,2,828.70,139.70,33.70,,,,,,,,,
Bells,08/20/2025,232,1,,,,,,,,,,,,
Bells,08/20/2025,232,2,,,,,,,,,,,,
Muddy_Creek,,,avg,84.58,1.87,0.01,,,,,,,,,
ODNR_4,,,avg,82.27,3.62,0.00,,,,,,,,,
ODNR_6,,,avg,114.92,9.01,0.90,,,,,,,,,
ODNR_2,,,avg,118.47,11.32,1.42,0.36,,,,,,,,
Buoy_2,,,avg,131.36,17.03,4.12,0.88,,,,,,,,
ODNR_1,,,avg,242.49,51.41,11.25,3.09,0.80,,,,,,,
EC_1163,,,avg,160.75,35.35,12.37,2.90,0.82,,,,,,,
Causeway,,,avg,762.75,141.75,32.50,,,,,,,,,
Bells,,,avg,,,,,,,,,,,,
Muddy_Creek,08/26/2025,238,1,1534.00,36.50,1.44,,,,,,,,,
Muddy_Creek,08/26/2025,238,2,875.00,40.50,1.16,,,,,,,,,
ODNR_4,08/26/2025,238,1,1600.00,32.20,19.53,1.90,,,,,,,,
ODNR_4,08/26/2025,238,2,1200.00,38.10,21.70,1.50,,,,,,,,
ODNR_6,08/26/2025,238,1,1850.00,128.00,35.91,5.60,0.92,,,,,,,
ODNR_6,08/26/2025,238,2,1131.70,196.60,32.86,4.80,0.80,,,,,,,
ODNR_2,08/26/2025,238,1,2278.00,271.00,30.05,5.04,1.95,,,,,,,
ODNR_2,08/26/2025,238,2,1249.00,192.00,43.21,12.10,1.88,,,,,,,
Buoy_2,08/26/2025,238,1,1303.00,414.00,55.60,13.76,5.07,0.86,,,,,,
Buoy_2,08/26/2025,238,2,1729.00,391.00,86.60,17.70,3.43,1.05,,,,,,
ODNR_1,08/26/2025,238,1,1858.00,423.00,77.80,20.01,4.86,1.57,0.73,,,,,
ODNR_1,08/26/2025,238,2,2199.00,464.00,115.49,19.78,5.31,1.88,0.50,,,,,
EC_1163,08/26/2025,238,1,338.00,112.00,47.56,59.60,47.20,15.10,9.25,,,,,
EC_1163,08/26/2025,238,2,2417.00,951.00,434.00,112.40,67.90,29.37,8.81,,,,,
Causeway,08/26/2025,238,1,2101.00,302.00,60.02,,,,,,,,,
Causeway,08/26/2025,238,2,1673.30,216.60,57.74,,,,,,,,,
Bells,08/26/2025,238,1,,,,,,,,,,,,
Bells,08/26/2025,238,2,,,,,,,,,,,,
Muddy_Creek,,,avg,1204.50,38.50,1.30,,,,,,,,,
ODNR_4,,,avg,1400.00,35.15,20.62,1.70,,,,,,,,
ODNR_6,,,avg,1490.85,162.30,34.39,5.20,0.86,,,,,,,
ODNR_2,,,avg,1763.50,231.50,36.63,8.57,1.92,,,,,,,
Buoy_2,,,avg,1516.00,402.50,71.10,15.73,4.25,0.96,,,,,,
ODNR_1,,,avg,2028.50,443.50,96.65,19.90,5.09,1.73,0.62,,,,,
EC_1163,,,avg,1377.50,531.50,240.78,86.00,57.55,22.24,9.03,,,,,
Causeway,,,avg,1887.15,259.30,58.88,,,,,,,,,
Bells,,,avg,,,,,,,,,,,,
Muddy_Creek,09/02/2025,245,1,654.00,79.20,4.66,,,,,,,,,
Muddy_Creek,09/02/2025,245,2,1085.00,87.80,6.88,,,,,,,,,
ODNR_4,09/02/2025,245,1,1154.00,111.40,36.90,6.80,,,,,,,,
ODNR_4,09/02/2025,245,2,1054.00,192.50,39.10,8.80,,,,,,,,
ODNR_6,09/02/2025,245,1,910.70,181.30,56.20,15.20,5.48,,,,,,,
ODNR_6,09/02/2025,245,2,521.20,218.90,52.90,17.40,5.52,,,,,,,
ODNR_2,09/02/2025,245,1,1355.40,294.80,91.70,36.20,11.71,2.76,,,,,,
ODNR_2,09/02/2025,245,2,954.90,276.10,90.80,35.50,12.80,2.11,,,,,,
Buoy_2,09/02/2025,245,1,1001.90,222.70,94.10,31.20,15.00,5.33,,,,,,
Buoy_2,09/02/2025,245,2,1054.80,282.90,98.60,30.70,11.90,4.62,,,,,,
ODNR_1,09/02/2025,245,1,1774.40,345.10,162.80,58.70,24.90,9.20,4.60,,,,,
ODNR_1,09/02/2025,245,2,1091.90,140.70,98.40,51.90,26.10,10.10,5.10,,,,,
EC_1163,09/02/2025,245,1,2369.00,640.00,310.00,90.90,51.80,21.20,9.40,,,,,
EC_1163,09/02/2025,245,2,1536.00,454.00,257.00,116.00,36.40,15.70,8.80,,,,,
Causeway,09/02/2025,245,1,2497.00,670.00,158.00,,,,,,,,,
Causeway,09/02/2025,245,2,2311.00,341.00,172.00,,,,,,,,,
Bells,09/02/2025,245,1,1234.00,870.00,194.00,145.00,139.00,80.10,45.13,34.50,16.20,11.10,6.40,7.8
Bells,09/02/2025,245,2,1479.00,997.00,212.00,186.00,158.00,96.70,57.80,,,17.70,11.40,9.4
Muddy_Creek,,,avg,869.50,83.50,5.77,,,,,,,,,
ODNR_4,,,avg,1104.00,151.95,38.00,7.80,,,,,,,,
ODNR_6,,,avg,715.95,200.10,54.55,16.30,5.50,,,,,,,
ODNR_2,,,avg,1155.15,285.45,91.25,35.85,12.26,2.44,,,,,,
Buoy_2,,,avg,1028.35,252.80,96.35,30.95,13.45,4.98,,,,,,
ODNR_1,,,avg,1433.15,242.90,130.60,55.30,25.50,9.65,4.85,,,,,
EC_1163,,,avg,1952.50,547.00,283.50,103.45,44.10,18.45,9.10,,,,,
Causeway,,,avg,2404.00,505.50,165.00,,,,,,,,,
Bells,,,avg,1356.50,933.50,203.00,165.50,148.50,88.40,51.47,34.50,16.20,14.40,8.90,