 ,site,rep,vol_filtered,date_extracted,vol_extracted,chl_concentration,dilution_factor,fInal_chl,average,notes
06/03/2025,Muddy Creek,1,10,06/06/2025,10,174.51,0,174.51,191.03,
06/03/2025,Muddy Creek,2,10,06/06/2025,10,178.52,0,178.52,,
06/03/2025,Muddy Creek,3,10,06/06/2025,10,220.06,0,220.06,,
06/03/2025,ODNR_4,1,10,06/06/2025,10,186.06,0,186.06,189.00,
06/03/2025,ODNR_4,2,10,06/06/2025,10,202.24,0,202.24,,
06/03/2025,ODNR_4,3,10,06/06/2025,10,178.71,0,178.71,,
06/03/2025,ODNR_6,1,10,06/06/2025,10,145,0,145.00,147.85,
06/03/2025,ODNR_6,2,10,06/06/2025,10,135.85,0,135.85,,
06/03/2025,ODNR_6,3,10,06/06/2025,10,162.69,0,162.69,,
06/03/2025,Bridge,1,10,06/06/2025,10,81.87,0,81.87,87.74,
06/03/2025,Bridge,2,10,06/06/2025,10,92.14,0,92.14,,
06/03/2025,Bridge,3,10,06/06/2025,10,89.2,0,89.20,,
06/03/2025,ODNR_2,1,10,06/06/2025,10,49.24,0,49.24,49.97,
06/03/2025,ODNR_2,2,10,06/06/2025,10,48.45,0,48.45,,
06/03/2025,ODNR_2,3,10,06/06/2025,10,52.21,0,52.21,,
06/03/2025,Buoy_2,1,10,06/06/2025,10,39.62,0,39.62,52.19,
06/03/2025,Buoy_2,2,10,06/06/2025,10,61.13,0,61.13,,
06/03/2025,Buoy_2,3,10,06/06/2025,10,55.83,0,55.83,,
06/03/2025,ODNR_1,1,10,06/06/2025,10,49.88,0,49.88,52.14,
06/03/2025,ODNR_1,2,10,06/06/2025,10,55.07,0,55.07,,
06/03/2025,ODNR_1,3,10,06/06/2025,10,51.47,0,51.47,,
06/03/2025,EC_1163,1,10,06/06/2025,10,74.23,0,74.23,74.03,
06/03/2025,EC_1163,2,10,06/06/2025,10,70.48,0,70.48,,
06/03/2025,EC_1163,3,10,06/06/2025,10,77.39,0,77.39,,
06/03/2025,Causeway,1,10,06/06/2025,10,44.33,0,44.33,42.49,
06/03/2025,Causeway,2,10,06/06/2025,10,40.64,0,40.64,,
06/03/2025,Causeway,3,10,06/06/2025,10,NA,NA,NA,NA,spilled
06/03/2025,Bells,1,10,06/06/2025,10,37.58,0,37.58,37.05,
06/03/2025,Bells,2,10,06/06/2025,10,37.32,0,37.32,,
06/03/2025,Bells,3,10,06/06/2025,10,36.24,0,36.24,,
06/10/2025,Muddy Creek,1,10,06/12/2025,10,100.81,0,100.81,113.95,
06/10/2025,Muddy Creek,2,10,06/12/2025,10,114.16,0,114.16,,
06/10/2025,Muddy Creek,3,10,06/12/2025,10,126.87,0,126.87,,
06/10/2025,ODNR_4,1,10,06/12/2025,10,56.95,0,56.95,53.21,
06/10/2025,ODNR_4,2,10,06/12/2025,10,47.88,0,47.88,,
06/10/2025,ODNR_4,3,10,06/12/2025,10,54.81,0,54.81,,
06/10/2025,ODNR_6,1,10,06/12/2025,10,83.85,0,83.85,75.15,
06/10/2025,ODNR_6,2,10,06/12/2025,10,77.33,0,77.33,,
06/10/2025,ODNR_6,3,10,06/12/2025,10,64.27,0,64.27,,
06/10/2025,Bridge,1,10,06/12/2025,10,92.22,0,92.22,88.31,
06/10/2025,Bridge,2,10,06/12/2025,10,88.36,0,88.36,,
06/10/2025,Bridge,3,10,06/12/2025,10,84.34,0,84.34,,
06/10/2025,ODNR_2,1,10,06/12/2025,10,26.46,0,26.46,23.28,
06/10/2025,ODNR_2,2,10,06/12/2025,10,17.05,0,17.05,,
06/10/2025,ODNR_2,3,10,06/12/2025,10,26.34,0,26.34,,
06/10/2025,Buoy_2,1,10,06/12/2025,10,27.83,0,27.83,26.53,
06/10/2025,Buoy_2,2,10,06/12/2025,10,25.9,0,25.90,,
06/10/2025,Buoy_2,3,10,06/12/2025,10,25.86,0,25.86,,
06/10/2025,ODNR_1,1,10,06/12/2025,10,24.6,0,24.60,27.13,
06/10/2025,ODNR_1,2,10,06/12/2025,10,27.35,0,27.35,,
06/10/2025,ODNR_1,3,10,06/12/2025,10,29.44,0,29.44,,
06/10/2025,EC_1163,1,10,06/12/2025,10,30.56,0,30.56,32.16,
06/10/2025,EC_1163,2,10,06/12/2025,10,33.52,0,33.52,,
06/10/2025,EC_1163,3,10,06/12/2025,10,32.41,0,32.41,,
06/10/2025,Causeway,1,10,06/12/2025,10,46.07,0,46.07,44.15,
06/10/2025,Causeway,2,10,06/12/2025,10,43.19,0,43.19,,
06/10/2025,Causeway,3,10,06/12/2025,10,43.2,0,43.20,,
06/10/2025,Bells,1,10,,10,NA,0,,0,did not sample/extract
06/10/2025,Bells,2,10,,10,NA,0,,,did not sample/extract
06/10/2025,Bells,3,10,,10,NA,0,,,did not sample/extract
06/17/2025,Muddy Creek,1,10,06/19/2025,10,173.13,0,173.13,163.26,
06/17/2025,Muddy Creek,2,10,06/19/2025,10,166.7,0,166.70,,
06/17/2025,Muddy Creek,3,10,06/19/2025,10,149.96,0,149.96,,
06/17/2025,ODNR_4,1,10,06/19/2025,10,68.65,0,68.65,69.63,
06/17/2025,ODNR_4,2,10,06/19/2025,10,72.48,0,72.48,,
06/17/2025,ODNR_4,3,10,06/19/2025,10,67.77,0,67.77,,
06/17/2025,ODNR_6,1,10,06/19/2025,10,89.78,0,89.78,88.33,
06/17/2025,ODNR_6,2,10,06/19/2025,10,87.14,0,87.14,,
06/17/2025,ODNR_6,3,10,06/19/2025,10,88.08,0,88.08,,
06/17/2025,Bridge,1,10,06/19/2025,10,67.12,0,67.12,63.71,
06/17/2025,Bridge,2,10,06/19/2025,10,64.59,0,64.59,,
06/17/2025,Bridge,3,10,06/19/2025,10,59.42,0,59.42,,
06/17/2025,ODNR_2,1,10,06/19/2025,10,39.72,0,39.72,39.32,
06/17/2025,ODNR_2,2,10,06/19/2025,10,39.77,0,39.77,,
06/17/2025,ODNR_2,3,10,06/19/2025,10,38.48,0,38.48,,
06/17/2025,Buoy_2,1,10,06/19/2025,10,24.35,0,24.35,27.56,
06/17/2025,Buoy_2,2,10,06/19/2025,10,25.39,0,25.39,,
06/17/2025,Buoy_2,3,10,06/19/2025,10,32.95,0,32.95,,
06/17/2025,ODNR_1,1,10,06/19/2025,10,28.05,0,28.05,27.51,
06/17/2025,ODNR_1,2,10,06/19/2025,10,29.18,0,29.18,,
06/17/2025,ODNR_1,3,10,06/19/2025,10,25.29,0,25.29,,
06/17/2025,EC_1163,1,10,06/19/2025,10,26.49,0,26.49,24.46,
06/17/2025,EC_1163,2,10,06/19/2025,10,27.01,0,27.01,,
06/17/2025,EC_1163,3,10,06/19/2025,10,19.87,0,19.87,,
06/17/2025,Causeway,1,10,06/19/2025,10,61.67,0,61.67,60.45,
06/17/2025,Causeway,2,10,06/19/2025,10,57.74,0,57.74,,
06/17/2025,Causeway,3,10,06/19/2025,10,61.95,0,61.95,,
06/17/2025,Bells,1,10,06/19/2025,10,2.91,0,2.91,4.06,
06/17/2025,Bells,2,10,06/19/2025,10,5.21,0,5.21,,
06/17/2025,Bells,3,10,06/19/2025,10,4.06,0,4.06,,
06/24/2025,Muddy Creek,1,10,06/26/2025,10,39.48,0,39.48,48.14,
06/24/2025,Muddy Creek,2,10,06/26/2025,10,43.21,0,43.21,,
06/24/2025,Muddy Creek,3,10,06/26/2025,10,61.74,0,61.74,,
06/24/2025,ODNR_4,1,10,06/26/2025,10,46.83,0,46.83,48.19,
06/24/2025,ODNR_4,2,10,06/26/2025,10,49.22,0,49.22,,
06/24/2025,ODNR_4,3,10,06/26/2025,10,48.51,0,48.51,,
06/24/2025,ODNR_6,1,10,06/26/2025,10,89.53,0,89.53,89.78,
06/24/2025,ODNR_6,2,10,06/26/2025,10,96.72,0,96.72,,
06/24/2025,ODNR_6,3,10,06/26/2025,10,83.1,0,83.10,,
06/24/2025,Bridge,1,10,06/26/2025,10,65.59,0,65.59,68.02,
06/24/2025,Bridge,2,10,06/26/2025,10,68.23,0,68.23,,
06/24/2025,Bridge,3,10,06/26/2025,10,70.23,0,70.23,,
06/24/2025,ODNR_2,1,10,06/26/2025,10,72.6,0,72.60,70.97,
06/24/2025,ODNR_2,2,10,06/26/2025,10,70.64,0,70.64,,
06/24/2025,ODNR_2,3,10,06/26/2025,10,69.66,0,69.66,,
06/24/2025,Buoy_2,1,10,06/26/2025,10,60.01,0,60.01,62.37,
06/24/2025,Buoy_2,2,10,06/26/2025,10,69.37,0,69.37,,
06/24/2025,Buoy_2,3,10,06/26/2025,10,57.74,0,57.74,,
06/24/2025,ODNR_1,1,10,06/26/2025,10,58.36,0,58.36,58.21,
06/24/2025,ODNR_1,2,10,06/26/2025,10,59.5,0,59.50,,
06/24/2025,ODNR_1,3,10,06/26/2025,10,56.78,0,56.78,,
06/24/2025,EC_1163,1,10,06/26/2025,10,74.75,0,74.75,79.28,
06/24/2025,EC_1163,2,10,06/26/2025,10,83.15,0,83.15,,
06/24/2025,EC_1163,3,10,06/26/2025,10,79.93,0,79.93,,
06/24/2025,Causeway,1,10,06/26/2025,10,61.22,0,61.22,62.86,
06/24/2025,Causeway,2,10,06/26/2025,10,64.15,0,64.15,,
06/24/2025,Causeway,3,10,06/26/2025,10,63.22,0,63.22,,
06/24/2025,Bells,1,10,06/26/2025,10,24.73,0,24.73,26.06,
06/24/2025,Bells,2,10,06/26/2025,10,22.73,0,22.73,,
06/24/2025,Bells,3,10,06/26/2025,10,30.71,0,30.71,,
07/01/2025,Muddy Creek,1,10,07/03/2025,10,34.57,0,34.57,46.67,
07/01/2025,Muddy Creek,2,10,07/03/2025,10,52.77,0,52.77,,
07/01/2025,Muddy Creek,3,10,07/03/2025,10,52.66,0,52.66,,
07/01/2025,ODNR_4,1,10,07/03/2025,10,133.05,0,133.05,124.72,
07/01/2025,ODNR_4,2,10,07/03/2025,10,153.91,0,153.91,,
07/01/2025,ODNR_4,3,10,07/03/2025,10,87.19,0,87.19,,
07/01/2025,ODNR_6,1,10,07/03/2025,10,98.27,0,98.27,104.79,
07/01/2025,ODNR_6,2,10,07/03/2025,10,118.67,0,118.67,,
07/01/2025,ODNR_6,3,10,07/03/2025,10,97.43,0,97.43,,
07/01/2025,Bridge,1,10,07/03/2025,10,84.27,0,84.27,118.95,
07/01/2025,Bridge,2,10,07/03/2025,10,139.27,0,139.27,,
07/01/2025,Bridge,3,10,07/03/2025,10,133.31,0,133.31,,
07/01/2025,ODNR_2,1,10,07/03/2025,10,92.34,0,92.34,101.27,
07/01/2025,ODNR_2,2,10,07/03/2025,10,102.08,0,102.08,,
07/01/2025,ODNR_2,3,10,07/03/2025,10,109.4,0,109.40,,
07/01/2025,Buoy_2,1,10,07/03/2025,10,118.73,0,118.73,104.66,
07/01/2025,Buoy_2,2,10,07/03/2025,10,110.99,0,110.99,,
07/01/2025,Buoy_2,3,10,07/03/2025,10,84.25,0,84.25,,
07/01/2025,ODNR_1,1,10,07/03/2025,10,85.37,0,85.37,88.28,
07/01/2025,ODNR_1,2,10,07/03/2025,10,107.1,0,107.10,,
07/01/2025,ODNR_1,3,10,07/03/2025,10,72.38,0,72.38,,
07/01/2025,EC_1163,1,10,07/03/2025,10,163.56,0,163.56,110.04,
07/01/2025,EC_1163,2,10,07/03/2025,10,60.78,0,60.78,,
07/01/2025,EC_1163,3,10,07/03/2025,10,105.78,0,105.78,,
07/01/2025,Causeway,1,10,07/03/2025,10,88.19,0,88.19,68.02,
07/01/2025,Causeway,2,10,07/03/2025,10,88.9,0,88.90,,
07/01/2025,Causeway,3,10,07/03/2025,10,26.97,0,26.97,,
07/01/2025,Bells,1,10,07/03/2025,10,14.74,0,14.74,14.27,
07/01/2025,Bells,2,10,07/03/2025,10,14.89,0,14.89,,
07/01/2025,Bells,3,10,07/03/2025,10,13.18,0,13.18,,
07/08/2025,Muddy Creek,1,10,07/10/2025,10,142.79,0,142.79,150.43,
07/08/2025,Muddy Creek,2,10,07/10/2025,10,154.48,0,154.48,,
07/08/2025,Muddy Creek,3,10,07/10/2025,10,154.01,0,154.01,,
07/08/2025,ODNR_4,1,10,07/10/2025,10,210.16,0,210.16,200.65,
07/08/2025,ODNR_4,2,10,07/10/2025,10,201.88,0,201.88,,
07/08/2025,ODNR_4,3,10,07/10/2025,10,189.91,0,189.91,,
07/08/2025,ODNR_6,1,10,07/10/2025,10,247.14,0,247.14,247.14,
07/08/2025,ODNR_6,2,10,07/10/2025,10,over,0,,,
07/08/2025,ODNR_6,3,10,07/10/2025,10,over,0,,,
07/08/2025,Bridge,1,10,07/10/2025,10,219.67,0,219.67,220.01,
07/08/2025,Bridge,2,10,07/10/2025,10,218.12,0,218.12,,
07/08/2025,Bridge,3,10,07/10/2025,10,222.24,0,222.24,,
07/08/2025,ODNR_2,1,10,07/10/2025,10,206.17,0,206.17,175.85,
07/08/2025,ODNR_2,2,10,07/10/2025,10,201.86,0,201.86,,
07/08/2025,ODNR_2,3,10,07/10/2025,10,119.51,0,119.51,,
07/08/2025,Buoy_2,1,10,07/10/2025,10,185.28,0,185.28,167.07,
07/08/2025,Buoy_2,2,10,07/10/2025,10,69.21,0,69.21,,
07/08/2025,Buoy_2,3,10,07/10/2025,10,246.71,0,246.71,,
07/08/2025,ODNR_1,1,10,07/10/2025,10,129.7,0,129.70,126.16,
07/08/2025,ODNR_1,2,10,07/10/2025,10,124.27,0,124.27,,
07/08/2025,ODNR_1,3,10,07/10/2025,10,124.52,0,124.52,,
07/08/2025,EC_1163,1,10,07/10/2025,10,104,0,104.00,92.41,
07/08/2025,EC_1163,2,10,07/10/2025,10,139.04,0,139.04,,
07/08/2025,EC_1163,3,10,07/10/2025,10,34.18,0,34.18,,
07/08/2025,Causeway,1,10,07/10/2025,10,115.9,0,115.90,112.88,
07/08/2025,Causeway,2,10,07/10/2025,10,107.6,0,107.60,,
07/08/2025,Causeway,3,10,07/10/2025,10,115.15,0,115.15,,
07/08/2025,Bells,1,10,07/10/2025,10,7.39,0,7.39,7.61,
07/08/2025,Bells,2,10,07/10/2025,10,7.09,0,7.09,,
07/08/2025,Bells,3,10,07/10/2025,10,8.35,0,8.35,,
07/15/2025,Muddy Creek,1,10,07/18/2025,10,238.61,0,238.61,224.38,
07/15/2025,Muddy Creek,2,10,07/18/2025,10,224.7,0,224.70,,
07/15/2025,Muddy Creek,3,10,07/18/2025,10,209.82,0,209.82,,
07/15/2025,ODNR_4,1,10,07/18/2025,10,255.86,0,255.86,256.81,
07/15/2025,ODNR_4,2,10,07/18/2025,10,253.34,0,253.34,,
07/15/2025,ODNR_4,3,10,07/18/2025,10,261.24,0,261.24,,
07/15/2025,ODNR_6,1,10,07/18/2025,10,over,0,,237.11,
07/15/2025,ODNR_6,2,10,07/18/2025,10,241.04,0,241.04,,
07/15/2025,ODNR_6,3,10,07/18/2025,10,233.17,0,233.17,,
07/15/2025,Bridge,1,10,07/18/2025,10,176.91,0,176.91,171.30,
07/15/2025,Bridge,2,10,07/18/2025,10,163.7,0,163.70,,
07/15/2025,Bridge,3,10,07/18/2025,10,173.28,0,173.28,,
07/15/2025,ODNR_2,1,10,07/18/2025,10,125.56,0,125.56,119.32,
07/15/2025,ODNR_2,2,10,07/18/2025,10,126.22,0,126.22,,
07/15/2025,ODNR_2,3,10,07/18/2025,10,106.17,0,106.17,,
07/15/2025,Buoy_2,1,10,07/18/2025,10,97.47,0,97.47,105.39,
07/15/2025,Buoy_2,2,10,07/18/2025,10,107.63,0,107.63,,
07/15/2025,Buoy_2,3,10,07/18/2025,10,111.07,0,111.07,,
07/15/2025,ODNR_1,1,10,07/18/2025,10,124.91,0,124.91,121.87,
07/15/2025,ODNR_1,2,10,07/18/2025,10,116.61,0,116.61,,
07/15/2025,ODNR_1,3,10,07/18/2025,10,124.08,0,124.08,,
07/15/2025,EC_1163,1,10,07/18/2025,10,115.6,0,115.60,132.55,
07/15/2025,EC_1163,2,10,07/18/2025,10,131.86,0,131.86,,
07/15/2025,EC_1163,3,10,07/18/2025,10,150.2,0,150.20,,
07/15/2025,Causeway,1,10,07/18/2025,10,106.99,0,106.99,101.70,
07/15/2025,Causeway,2,10,07/18/2025,10,101.37,0,101.37,,
07/15/2025,Causeway,3,10,07/18/2025,10,96.75,0,96.75,,
07/15/2025,Bells,1,10,07/18/2025,10,10.51,0,10.51,11.13,
07/15/2025,Bells,2,10,07/18/2025,10,10.35,0,10.35,,
07/15/2025,Bells,3,10,07/18/2025,10,12.53,0,12.53,,
07/22/2025,Muddy Creek,1,10,07/24/2025,10,230.91,0,230.91,242.31,
07/22/2025,Muddy Creek,2,10,07/24/2025,10,252.03,0,252.03,,
07/22/2025,Muddy Creek,3,10,07/24/2025,10,243.98,0,243.98,,
07/22/2025,ODNR_4,1,10,07/24/2025,10,254.21,0,254.21,253.92,
07/22/2025,ODNR_4,2,10,07/24/2025,10,249.12,0,249.12,,
07/22/2025,ODNR_4,3,10,07/24/2025,10,258.44,0,258.44,,
07/22/2025,ODNR_6,1,10,07/24/2025,10,over,0,,NA,
07/22/2025,ODNR_6,2,10,07/24/2025,10,over,0,,,
07/22/2025,ODNR_6,3,10,07/24/2025,10,over,0,,,
07/22/2025,Bridge,1,10,07/24/2025,10,221.93,0,221.93,217.64,
07/22/2025,Bridge,2,10,07/24/2025,10,213.78,0,213.78,,
07/22/2025,Bridge,3,10,07/24/2025,10,217.2,0,217.20,,
07/22/2025,ODNR_2,1,10,07/24/2025,10,115.74,0,115.74,115.71,
07/22/2025,ODNR_2,2,10,07/24/2025,10,116.96,0,116.96,,
07/22/2025,ODNR_2,3,10,07/24/2025,10,114.42,0,114.42,,
07/22/2025,Buoy_2,1,10,07/24/2025,10,83.76,0,83.76,63.54,
07/22/2025,Buoy_2,2,10,07/24/2025,10,21.12,0,21.12,,
07/22/2025,Buoy_2,3,10,07/24/2025,10,85.75,0,85.75,,
07/22/2025,ODNR_1,1,10,07/24/2025,10,89.3,0,89.30,91.25,
07/22/2025,ODNR_1,2,10,07/24/2025,10,89.85,0,89.85,,
07/22/2025,ODNR_1,3,10,07/24/2025,10,94.6,0,94.60,,
07/22/2025,EC_1163,1,10,07/24/2025,10,68.54,0,68.54,70.53,
07/22/2025,EC_1163,2,10,07/24/2025,10,69.9,0,69.90,,
07/22/2025,EC_1163,3,10,07/24/2025,10,73.15,0,73.15,,
07/22/2025,Causeway,1,10,07/24/2025,10,54.3,0,54.30,85.29,
07/22/2025,Causeway,2,10,07/24/2025,10,101.89,0,101.89,,
07/22/2025,Causeway,3,10,07/24/2025,10,99.67,0,99.67,,
07/22/2025,Bells,1,10,07/24/2025,10,29.72,0,29.72,29.25,
07/22/2025,Bells,2,10,07/24/2025,10,27.2,0,27.20,,
07/22/2025,Bells,3,10,07/24/2025,10,30.83,0,30.83,,
07/29/2025,Muddy Creek,1,10,07/31/2025,10,141.55,0,141.55,141.54,
07/29/2025,Muddy Creek,2,10,07/31/2025,10,142.28,0,142.28,,
07/29/2025,Muddy Creek,3,10,07/31/2025,10,140.78,0,140.78,,
07/29/2025,ODNR_4,1,10,07/31/2025,10,271.08,0,271.08,271.08,
07/29/2025,ODNR_4,2,10,07/31/2025,10,over,0,,,
07/29/2025,ODNR_4,3,10,07/31/2025,10,over,0,,,
07/29/2025,ODNR_6,1,10,07/31/2025,10,187.89,0,187.89,195.58,
07/29/2025,ODNR_6,2,10,07/31/2025,10,205.7,0,205.70,,
07/29/2025,ODNR_6,3,10,07/31/2025,10,193.14,0,193.14,,
07/29/2025,Bridge,1,10,07/31/2025,10,149.91,0,149.91,151.76,
07/29/2025,Bridge,2,10,07/31/2025,10,152.72,0,152.72,,
07/29/2025,Bridge,3,10,07/31/2025,10,152.66,0,152.66,,
07/29/2025,ODNR_2,1,10,07/31/2025,10,101.85,0,101.85,105.17,
07/29/2025,ODNR_2,2,10,07/31/2025,10,112.05,0,112.05,,
07/29/2025,ODNR_2,3,10,07/31/2025,10,101.6,0,101.60,,
07/29/2025,Buoy_2,1,10,07/31/2025,10,109.02,0,109.02,104.88,
07/29/2025,Buoy_2,2,10,07/31/2025,10,101.31,0,101.31,,
07/29/2025,Buoy_2,3,10,07/31/2025,10,104.3,0,104.30,,
07/29/2025,ODNR_1,1,10,07/31/2025,10,97.54,0,97.54,98.23,
07/29/2025,ODNR_1,2,10,07/31/2025,10,102.16,0,102.16,,
07/29/2025,ODNR_1,3,10,07/31/2025,10,95,0,95.00,,
07/29/2025,EC_1163,1,10,07/31/2025,10,82.89,0,82.89,94.25,
07/29/2025,EC_1163,2,10,07/31/2025,10,98.03,0,98.03,,
07/29/2025,EC_1163,3,10,07/31/2025,10,101.83,0,101.83,,
07/29/2025,Causeway,1,10,07/31/2025,10,82.25,0,82.25,88.39,
07/29/2025,Causeway,2,10,07/31/2025,10,95.11,0,95.11,,
07/29/2025,Causeway,3,10,07/31/2025,10,87.8,0,87.80,,
07/29/2025,Bells,1,10,07/31/2025,10,30.41,0,30.41,32.29,
07/29/2025,Bells,2,10,07/31/2025,10,29.28,0,29.28,,
07/29/2025,Bells,3,10,07/31/2025,10,37.18,0,37.18,,
08/05/2025,Muddy Creek,1,10,08/12/2025,10,183.89,0,183.89,182.25,
08/05/2025,Muddy Creek,2,10,08/12/2025,10,174.29,0,174.29,,
08/05/2025,Muddy Creek,3,10,08/12/2025,10,188.57,0,188.57,,
08/05/2025,ODNR_4,1,10,08/12/2025,10,188.5,0,188.50,208.51,
08/05/2025,ODNR_4,2,10,08/12/2025,10,209.41,0,209.41,,
08/05/2025,ODNR_4,3,10,08/12/2025,10,227.62,0,227.62,,
08/05/2025,ODNR_6,1,10,08/12/2025,10,225.11,0,225.11,230.70,
08/05/2025,ODNR_6,2,10,08/12/2025,10,246.31,0,246.31,,
08/05/2025,ODNR_6,3,10,08/12/2025,10,220.69,0,220.69,,
08/05/2025,Bridge,1,10,08/12/2025,10,202.84,0,202.84,212.22,
08/05/2025,Bridge,2,10,08/12/2025,10,221.09,0,221.09,,
08/05/2025,Bridge,3,10,08/12/2025,10,212.73,0,212.73,,
08/05/2025,ODNR_2,1,10,08/12/2025,10,161.49,0,161.49,169.31,
08/05/2025,ODNR_2,2,10,08/12/2025,10,170.85,0,170.85,,
08/05/2025,ODNR_2,3,10,08/12/2025,10,175.59,0,175.59,,
08/05/2025,Buoy_2,1,10,08/12/2025,10,N/A,0,,N/A,
08/05/2025,Buoy_2,2,10,08/12/2025,10,N/A,0,,,
08/05/2025,Buoy_2,3,10,08/12/2025,10,N/A,0,,,
08/05/2025,ODNR_1,1,10,08/12/2025,10,N/A,0,,N/A,
08/05/2025,ODNR_1,2,10,08/12/2025,10,N/A,0,,,
08/05/2025,ODNR_1,3,10,08/12/2025,10,N/A,0,,,
08/05/2025,EC_1163,1,10,08/12/2025,10,159.62,0,159.62,151.98,
08/05/2025,EC_1163,2,10,08/12/2025,10,156.08,0,156.08,,
08/05/2025,EC_1163,3,10,08/12/2025,10,140.23,0,140.23,,
08/05/2025,Causeway,1,10,08/12/2025,10,102.47,0,102.47,106.22,
08/05/2025,Causeway,2,10,08/12/2025,10,107,0,107.00,,
08/05/2025,Causeway,3,10,08/12/2025,10,109.19,0,109.19,,
08/05/2025,Bells,1,10,08/12/2025,10,62.73,0,62.73,66.81,
08/05/2025,Bells,2,10,08/12/2025,10,73.12,0,73.12,,
08/05/2025,Bells,3,10,08/12/2025,10,64.59,0,64.59,,
08/12/2025,Muddy Creek,1,10,08/14/2025,10,207.05,0,207.05,184.14,
08/12/2025,Muddy Creek,2,10,08/14/2025,10,174.87,0,174.87,,
08/12/2025,Muddy Creek,3,10,08/14/2025,10,170.49,0,170.49,,
08/12/2025,ODNR_4,1,10,08/14/2025,10,178.36,0,178.36,196.37,
08/12/2025,ODNR_4,2,10,08/14/2025,10,206.61,0,206.61,,
08/12/2025,ODNR_4,3,10,08/14/2025,10,204.13,0,204.13,,
08/12/2025,ODNR_6,1,10,08/14/2025,10,184.69,0,184.69,176.26,
08/12/2025,ODNR_6,2,10,08/14/2025,10,183.08,0,183.08,,
08/12/2025,ODNR_6,3,10,08/14/2025,10,161.02,0,161.02,,
08/12/2025,Bridge,1,10,08/14/2025,10,168.94,0,168.94,161.92,
08/12/2025,Bridge,2,10,08/14/2025,10,161.77,0,161.77,,
08/12/2025,Bridge,3,10,08/14/2025,10,155.04,0,155.04,,
08/12/2025,ODNR_2,1,10,08/14/2025,10,143.46,0,143.46,141.18,
08/12/2025,ODNR_2,2,10,08/14/2025,10,136.49,0,136.49,,
08/12/2025,ODNR_2,3,10,08/14/2025,10,143.59,0,143.59,,
08/12/2025,Buoy_2,1,10,08/14/2025,10,106.84,0,106.84,108.10,
08/12/2025,Buoy_2,2,10,08/14/2025,10,109.11,0,109.11,,
08/12/2025,Buoy_2,3,10,08/14/2025,10,108.35,0,108.35,,
08/12/2025,ODNR_1,1,10,08/14/2025,10,32.2,0,32.20,88.71,
08/12/2025,ODNR_1,2,10,08/14/2025,10,116.42,0,116.42,,
08/12/2025,ODNR_1,3,10,08/14/2025,10,117.51,0,117.51,,
08/12/2025,EC_1163,1,10,08/14/2025,10,-0.67,0,-0.67,-0.63,
08/12/2025,EC_1163,2,10,08/14/2025,10,-0.64,0,-0.64,,
08/12/2025,EC_1163,3,10,08/14/2025,10,-0.59,0,-0.59,,
08/12/2025,Causeway,1,10,08/14/2025,10,98.81,0,98.81,94.03,
08/12/2025,Causeway,2,10,08/14/2025,10,92.74,0,92.74,,
08/12/2025,Causeway,3,10,08/14/2025,10,90.53,0,90.53,,
08/12/2025,Bells,1,10,08/14/2025,10,29.21,0,29.21,20.86,
08/12/2025,Bells,2,10,08/14/2025,10,7.05,0,7.05,,
08/12/2025,Bells,3,10,08/14/2025,10,26.32,0,26.32,,
08/20/2025,Muddy Creek,1,10,08/22/2025,10,193.87,0,193.87,178.86,
08/20/2025,Muddy Creek,2,10,08/22/2025,10,168.42,0,168.42,,
08/20/2025,Muddy Creek,3,10,08/22/2025,10,174.3,0,174.30,,
08/20/2025,ODNR_4,1,10,08/22/2025,10,133.82,0,133.82,98.39,
08/20/2025,ODNR_4,2,10,08/22/2025,10,145.61,0,145.61,,
08/20/2025,ODNR_4,3,10,08/22/2025,10,15.75,0,15.75,,
08/20/2025,ODNR_6,1,10,08/22/2025,10,161.4,0,161.40,154.47,
08/20/2025,ODNR_6,2,10,08/22/2025,10,154.96,0,154.96,,
08/20/2025,ODNR_6,3,10,08/22/2025,10,147.06,0,147.06,,
08/20/2025,Bridge,1,10,08/22/2025,10,132.91,0,132.91,141.14,
08/20/2025,Bridge,2,10,08/22/2025,10,140.27,0,140.27,,
08/20/2025,Bridge,3,10,08/22/2025,10,150.24,0,150.24,,
08/20/2025,ODNR_2,1,10,08/22/2025,10,197.23,0,197.23,205.92,
08/20/2025,ODNR_2,2,10,08/22/2025,10,212.7,0,212.70,,
08/20/2025,ODNR_2,3,10,08/22/2025,10,207.83,0,207.83,,
08/20/2025,Buoy_2,1,10,08/22/2025,10,3.66,0,3.66,86.78,
08/20/2025,Buoy_2,2,10,08/22/2025,10,131.33,0,131.33,,
08/20/2025,Buoy_2,3,10,08/22/2025,10,125.36,0,125.36,,
08/20/2025,ODNR_1,1,10,08/22/2025,10,143.47,0,143.47,139.22,
08/20/2025,ODNR_1,2,10,08/22/2025,10,142.43,0,142.43,,
08/20/2025,ODNR_1,3,10,08/22/2025,10,131.76,0,131.76,,
08/20/2025,EC_1163,1,10,08/22/2025,10,90.92,0,90.92,87.62,
08/20/2025,EC_1163,2,10,08/22/2025,10,85.21,0,85.21,,
08/20/2025,EC_1163,3,10,08/22/2025,10,86.72,0,86.72,,
08/20/2025,Causeway,1,10,08/22/2025,10,125.58,0,125.58,126.55,
08/20/2025,Causeway,2,10,08/22/2025,10,123.72,0,123.72,,
08/20/2025,Causeway,3,10,08/22/2025,10,130.36,0,130.36,,
08/20/2025,Bells,1,10,08/22/2025,10,N/A,0,,N/A,
08/20/2025,Bells,2,10,08/22/2025,10,N/A,0,,,
08/20/2025,Bells,3,10,08/22/2025,10,N/A,0,,,
08/26/2025,Muddy Creek,1,10,09/05/2025,10,153.8,0,153.80,153.56,
08/26/2025,Muddy Creek,2,10,09/05/2025,10,141.12,0,141.12,,
08/26/2025,Muddy Creek,3,10,09/05/2025,10,165.75,0,165.75,,
08/26/2025,ODNR_4,1,10,09/05/2025,10,147.02,0,147.02,140.34,
08/26/2025,ODNR_4,2,10,09/05/2025,10,153.36,0,153.36,,
08/26/2025,ODNR_4,3,10,09/05/2025,10,120.63,0,120.63,,
08/26/2025,ODNR_6,1,10,09/05/2025,10,161.65,0,161.65,164.81,
08/26/2025,ODNR_6,2,10,09/05/2025,10,165.13,0,165.13,,
08/26/2025,ODNR_6,3,10,09/05/2025,10,167.64,0,167.64,,
08/26/2025,Bridge,1,10,09/05/2025,10,163.9,0,163.90,143.02,
08/26/2025,Bridge,2,10,09/05/2025,10,162.01,0,162.01,,
08/26/2025,Bridge,3,10,09/05/2025,10,103.14,0,103.14,,
08/26/2025,ODNR_2,1,10,09/05/2025,10,135.29,0,135.29,132.93,
08/26/2025,ODNR_2,2,10,09/05/2025,10,136.92,0,136.92,,
08/26/2025,ODNR_2,3,10,09/05/2025,10,126.59,0,126.59,,
08/26/2025,Buoy_2,1,10,09/05/2025,10,122.31,0,122.31,123.60,
08/26/2025,Buoy_2,2,10,09/05/2025,10,125.84,0,125.84,,
08/26/2025,Buoy_2,3,10,09/05/2025,10,122.65,0,122.65,,
08/26/2025,ODNR_1,1,10,09/05/2025,10,100.8,0,100.80,100.43,
08/26/2025,ODNR_1,2,10,09/05/2025,10,104.69,0,104.69,,
08/26/2025,ODNR_1,3,10,09/05/2025,10,95.81,0,95.81,,
08/26/2025,EC_1163,1,10,09/05/2025,10,50.35,0,50.35,48.49,
08/26/2025,EC_1163,2,10,09/05/2025,10,45.05,0,45.05,,
08/26/2025,EC_1163,3,10,09/05/2025,10,50.07,0,50.07,,
08/26/2025,Causeway,1,10,09/05/2025,10,82.95,0,82.95,92.71,
08/26/2025,Causeway,2,10,09/05/2025,10,104.04,0,104.04,,
08/26/2025,Causeway,3,10,09/05/2025,10,91.15,0,91.15,,
08/26/2025,Bells,1,10,09/05/2025,10,N/A,0,N/A,N/A,
08/26/2025,Bells,2,10,09/05/2025,10,N/A,0,N/A,,
08/26/2025,Bells,3,10,09/05/2025,10,N/A,0,N/A,,
09/02/2025,Muddy Creek,1,10,09/10/2025,10,59.98,0,59.98,41.51,
09/02/2025,Muddy Creek,2,10,09/10/2025,10,62.31,0,62.31,,
09/02/2025,Muddy Creek,3,10,09/10/2025,10,2.25,0,2.25,,
09/02/2025,ODNR_4,1,10,09/10/2025,10,0.55,0,0.55,44.29,
09/02/2025,ODNR_4,2,10,09/10/2025,10,64.9,0,64.90,,
09/02/2025,ODNR_4,3,10,09/10/2025,10,67.41,0,67.41,,
09/02/2025,ODNR_6,1,10,09/10/2025,10,60,0,60.00,41.58,
09/02/2025,ODNR_6,2,10,09/10/2025,10,63.95,0,63.95,,
09/02/2025,ODNR_6,3,10,09/10/2025,10,0.78,0,0.78,,
09/02/2025,Bridge,1,10,09/10/2025,10,61.57,0,61.57,44.28,
09/02/2025,Bridge,2,10,09/10/2025,10,2.24,0,2.24,,
09/02/2025,Bridge,3,10,09/10/2025,10,69.02,0,69.02,,
09/02/2025,ODNR_2,1,10,09/10/2025,10,77.6,0,77.60,78.72,
09/02/2025,ODNR_2,2,10,09/10/2025,10,84.74,0,84.74,,
09/02/2025,ODNR_2,3,10,09/10/2025,10,73.82,0,73.82,,
09/02/2025,Buoy_2,1,10,09/10/2025,10,61.43,0,61.43,59.24,
09/02/2025,Buoy_2,2,10,09/10/2025,10,63.59,0,63.59,,
09/02/2025,Buoy_2,3,10,09/10/2025,10,52.7,0,52.70,,
09/02/2025,ODNR_1,1,10,09/10/2025,10,51.56,0,51.56,49.82,
09/02/2025,ODNR_1,2,10,09/10/2025,10,50.67,0,50.67,,
09/02/2025,ODNR_1,3,10,09/10/2025,10,47.22,0,47.22,,
09/02/2025,EC_1163,1,10,09/10/2025,10,42.77,0,42.77,52.64,
09/02/2025,EC_1163,2,10,09/10/2025,10,56.59,0,56.59,,
09/02/2025,EC_1163,3,10,09/10/2025,10,58.57,0,58.57,,
09/02/2025,Causeway,1,10,09/10/2025,10,58.55,0,58.55,56.19,
09/02/2025,Causeway,2,10,09/10/2025,10,55.61,0,55.61,,
09/02/2025,Causeway,3,10,09/10/2025,10,54.42,0,54.42,,
09/02/2025,Bells,1,10,09/10/2025,10,26.01,0,26.01,25.91,
09/02/2025,Bells,2,10,09/10/2025,10,26.18,0,26.18,,
09/02/2025,Bells,3,10,09/10/2025,10,25.55,0,25.55,,
09/09/2025,Muddy Creek,1,10,09/19/2025,10,1.7,0,1.70,55.30,
09/09/2025,Muddy Creek,2,10,09/19/2025,10,82.14,0,82.14,,
09/09/2025,Muddy Creek,3,10,09/19/2025,10,82.06,0,82.06,,
09/09/2025,ODNR_4,1,10,09/19/2025,10,57.73,0,57.73,57.32,
09/09/2025,ODNR_4,2,10,09/19/2025,10,59.19,0,59.19,,
09/09/2025,ODNR_4,3,10,09/19/2025,10,55.04,0,55.04,,
09/09/2025,ODNR_6,1,10,09/19/2025,10,71.4,0,71.40,70.12,
09/09/2025,ODNR_6,2,10,09/19/2025,10,72.32,0,72.32,,
09/09/2025,ODNR_6,3,10,09/19/2025,10,66.65,0,66.65,,
09/09/2025,Bridge,1,10,09/19/2025,10,65.42,0,65.42,56.66,
09/09/2025,Bridge,2,10,09/19/2025,10,49.34,0,49.34,,
09/09/2025,Bridge,3,10,09/19/2025,10,55.23,0,55.23,,
09/09/2025,ODNR_2,1,10,09/19/2025,10,1.18,0,1.18,36.75,
09/09/2025,ODNR_2,2,10,09/19/2025,10,54.42,0,54.42,,
09/09/2025,ODNR_2,3,10,09/19/2025,10,54.65,0,54.65,,
09/09/2025,Buoy_2,1,10,09/19/2025,10,3.69,0,3.69,14.68,
09/09/2025,Buoy_2,2,10,09/19/2025,10,39.37,0,39.37,,
09/09/2025,Buoy_2,3,10,09/19/2025,10,0.99,0,0.99,,
09/09/2025,ODNR_1,1,10,09/19/2025,10,34.72,0,34.72,23.83,
09/09/2025,ODNR_1,2,10,09/19/2025,10,33.48,0,33.48,,
09/09/2025,ODNR_1,3,10,09/19/2025,10,3.3,0,3.30,,
09/09/2025,EC_1163,1,10,09/19/2025,10,31.5,0,31.50,20.77,
09/09/2025,EC_1163,2,10,09/19/2025,10,1.61,0,1.61,,
09/09/2025,EC_1163,3,10,09/19/2025,10,29.2,0,29.20,,
09/09/2025,Causeway,1,10,09/19/2025,10,47.42,0,47.42,35.54,
09/09/2025,Causeway,2,10,09/19/2025,10,3.31,0,3.31,,
09/09/2025,Causeway,3,10,09/19/2025,10,55.88,0,55.88,,
09/09/2025,Bells,1,10,09/19/2025,10,24.56,0,24.56,23.11,
09/09/2025,Bells,2,10,09/19/2025,10,22.49,0,22.49,,
09/09/2025,Bells,3,10,09/19/2025,10,22.27,0,22.27,,
09/16/2025,Muddy Creek,1,10,01/21/2026,10,70.38,0,70.38,67.87,
09/16/2025,Muddy Creek,2,10,01/21/2026,10,63.63,0,63.63,,
09/16/2025,Muddy Creek,3,10,01/21/2026,10,69.6,0,69.60,,
09/16/2025,ODNR_4,1,10,01/21/2026,10,69.41,0,69.41,65.13,
09/16/2025,ODNR_4,2,10,01/21/2026,10,57.91,0,57.91,,
09/16/2025,ODNR_4,3,10,01/21/2026,10,68.06,0,68.06,,
09/16/2025,ODNR_6,1,10,01/21/2026,10,45.56,0,45.56,45.85,
09/16/2025,ODNR_6,2,10,01/21/2026,10,47.67,0,47.67,,
09/16/2025,ODNR_6,3,10,01/21/2026,10,44.31,0,44.31,,
09/16/2025,Bridge,1,10,01/21/2026,10,47.48,0,47.48,47.81,
09/16/2025,Bridge,2,10,01/21/2026,10,48.27,0,48.27,,
09/16/2025,Bridge,3,10,01/21/2026,10,47.67,0,47.67,,
09/16/2025,ODNR_2,1,10,01/21/2026,10,80.68,0,80.68,76.26,
09/16/2025,ODNR_2,2,10,01/21/2026,10,74.49,0,74.49,,
09/16/2025,ODNR_2,3,10,01/21/2026,10,73.6,0,73.60,,
09/16/2025,Buoy_2,1,10,01/21/2026,10,NA,0,NA,39.99,
09/16/2025,Buoy_2,2,10,01/21/2026,10,42.35,0,42.35,,
09/16/2025,Buoy_2,3,10,01/21/2026,10,37.63,0,37.63,,
09/16/2025,ODNR_1,1,10,01/21/2026,10,37.55,0,37.55,39.30,
09/16/2025,ODNR_1,2,10,01/21/2026,10,41.05,0,41.05,,
09/16/2025,ODNR_1,3,10,01/21/2026,10,NA,0,NA,,
09/16/2025,EC_1163,1,10,01/21/2026,10,30.35,0,30.35,37.59,
09/16/2025,EC_1163,2,10,01/21/2026,10,42.4,0,42.40,,
09/16/2025,EC_1163,3,10,01/21/2026,10,40.03,0,40.03,,
09/16/2025,Causeway,1,10,01/21/2026,10,34.47,0,34.47,36.76,
09/16/2025,Causeway,2,10,01/21/2026,10,41.12,0,41.12,,
09/16/2025,Causeway,3,10,01/21/2026,10,34.7,0,34.70,,
,Bells,1,10,,10,NA ,0,NA,NA,
,Bells,2,10,,10,NA ,0,NA,,
,Bells,3,10,,10,NA ,0,NA,,