Shipment batch,ID#,,Date,Site Name,,,Nitrate+NO2 (umol/L),Ammonium (umol/L),DRP (umol/L),Silicate (umol/L),TP (umol/L),TKN (umol/L),TN (umol/L),TN:TP (molar),Notes,,Diss Nuts Run,TNTP Run,,DRP/TP,DIN/TN
One. Sept 2025,Jun03_BG_Muddy Creek ,,6/3/2025,Muddy Creek,,,520.25,1.198,0.137,115.295,5.0175,104.260,624.510,124.466,,,Dec 2 BGSU Run 1R1R1.RUN,TNTP BGSU Run 1 June 3 June 17.RUN,,0.02730443448,0.8349714176
One. Sept 2025,Jun03_BG_ODNR 4 ,,6/3/2025,ODNR 4,,,408.83,1.301,0.202,43.831,4.335,90.615,499.445,115.212,,,Dec 2 BGSU Run 1R1R1.RUN,TNTP BGSU Run 1 June 3 June 17.RUN,,0.04659746251,0.8211735026
One. Sept 2025,Jun03_BG_ODNR 6 ,,6/3/2025,ODNR 6,,,332.51,1.624,0.03,47.961,2.899,81.795,414.305,142.913,,,Dec 2 BGSU Run 1R1R1.RUN,TNTP BGSU Run 1 June 3 June 17.RUN,,0.010348396,0.8064928012
One. Sept 2025,Jun03_BG_Bridge ,,6/3/2025,Bridge ,,,231.83,1.037,0.013,11.066,2.7955,63.254,295.084,105.557,,,Dec 2 BGSU Run 1R1R1.RUN,TNTP BGSU Run 1 June 3 June 17.RUN,,0.004650330889,0.7891549525
One. Sept 2025,Jun03_BG_ODNR 2 ,,6/3/2025,ODNR 2,,,191.21,2.083,0.038,12.881,2.115,62.394,253.604,119.907,,,Dec 2 BGSU Run 1R1R1.RUN,TNTP BGSU Run 1 June 3 June 17.RUN,,0.01796690307,0.7621843504
One. Sept 2025,Jun03_BG_Buoy 2 ,,6/3/2025,Buoy 2 ,,,174.55,0.168,0.072,5.4,1.9105,53.586,228.1355,119.411,,,Dec 2 BGSU Run 1R1R1.RUN,TNTP BGSU Run 1 June 3 June 17.RUN,,0.03768646951,0.7658518731
One. Sept 2025,Jun03_BG_ODNR 1 ,,6/3/2025,ODNR 1 ,,,159.9,1.548,0.065,15.033,1.7005,47.772,207.672,122.124,,,Dec 2 BGSU Run 1R1R1.RUN,TNTP BGSU Run 1 June 3 June 17.RUN,,0.03822405175,0.7774182364
One. Sept 2025,Jun03_BG_EC 1163 ,,6/3/2025,EC 1163 ,,,113.59,1.499,0.137,18.86,1.9145,47.387,160.977,84.083,,,Dec 2 BGSU Run 1R1R1.RUN,TNTP BGSU Run 1 June 3 June 17.RUN,,0.07155915383,0.7149406437
One. Sept 2025,Jun03_BG_Causeway ,,6/3/2025,Causeway ,,,97.825,2.041,0.054,18.783,1.549,48.369,146.1935,94.379,,,Dec 2 BGSU Run 1R1R1.RUN,TNTP BGSU Run 1 June 3 June 17.RUN,,0.03486120077,0.6831083461
One. Sept 2025,Jun03_BG_Bells,,6/3/2025,Bells,,,105.812,1.617,0.162,46.098,1.417,31.502,137.314,96.905,,,Dec 2 BGSU Run 1R1R1.RUN,TNTP BGSU Run 1 June 3 June 17.RUN,,0.1143260409,0.7823601381
One. Sept 2025,Jun10_BG_Muddy Creek ,,6/10/2025,Muddy Creek,,,37.801,6.838,0.173,34.318,4.9025,422.544,460.345,93.900,,,Dec 2 BGSU Run 1R1R1.RUN,TNTP BGSU Run 1 June 3 June 17.RUN,,0.03528811831,0.09696857791
One. Sept 2025,Jun10_BG_ODNR 4 ,,6/10/2025,ODNR 4,,,22.701,7.961,0.376,13.883,3.5575,273.673,296.3735,83.309,,,Dec 2 BGSU Run 1R1R1.RUN,TNTP BGSU Run 1 June 3 June 17.RUN,,0.1056921996,0.1034572929
One. Sept 2025,Jun10_BG_ODNR 6 ,,6/10/2025,ODNR 6,,,20.808,5.842,0.103,6.844,2.976,256.362,277.1695,93.135,,,Dec 2 BGSU Run 1R1R1.RUN,TNTP BGSU Run 1 June 3 June 17.RUN,,0.03461021505,0.09615055048
One. Sept 2025,Jun10_BG_Bridge ,,6/10/2025,Bridge ,,,253.3,4.21,0.197,6.551,3.643,57.549,310.8485,85.328,,,Dec 2 BGSU Run 1R1R1.RUN,TNTP BGSU Run 1 June 3 June 17.RUN,,0.05407631073,0.8284099811
One. Sept 2025,Jun10_BG_ODNR 2 ,,6/10/2025,ODNR 2,,,14.216,4.084,0.264,15.486,1.818,179.997,194.213,106.828,,,Dec 2 BGSU Run 1R1R1.RUN,TNTP BGSU Run 1 June 3 June 17.RUN,,0.1452145215,0.0942264421
One. Sept 2025,Jun10_BG_Buoy 2 ,,6/10/2025,Buoy 2 ,,,138.84,3.31,0.21,28.729,1.8775,62.335,201.175,107.150,,,Dec 2 BGSU Run 1R1R1.RUN,TNTP BGSU Run 1 June 3 June 17.RUN,,0.1118508655,0.7065987324
One. Sept 2025,Jun10_BG_ODNR 1 ,,6/10/2025,ODNR 1 ,,,12.648,5.506,0.151,26.895,1.8145,162.722,175.37,96.649,,,Dec 2 BGSU Run 1R1R1.RUN,TNTP BGSU Run 1 June 3 June 17.RUN,,0.0832185175,0.1035182756
One. Sept 2025,Jun10_BG_EC 1163 ,,6/10/2025,EC 1163 ,,,15.368,4.344,0.166,26.192,2.488,196.488,211.856,85.151,,,Dec 2 BGSU Run 1R1R1.RUN,TNTP BGSU Run 1 June 3 June 17.RUN,,0.06672025723,0.093044332
One. Sept 2025,Jun10_BG_Causeway ,,6/10/2025,Causeway ,,,74.601,0.675,0.035,53.488,2.0085,47.927,122.5275,61.004,,,Dec 2 BGSU Run 1R1R1.RUN,TNTP BGSU Run 1 June 3 June 17.RUN,,0.01742593976,0.6143600416
One. Sept 2025,Jun10_BG_Bells,,6/10/2025,Bells,,,,,,,,,,,Sample missing,,Dec 2 BGSU Run 1R1R1.RUN,,,,
One. Sept 2025,Jun17_BG_Muddy Creek ,,6/17/2025,Muddy Creek,,,362.76,2.608,0.69,76.186,5.8825,78.745,441.505,75.054,,,Dec 2 BGSU Run 1R1R1.RUN,TNTP BGSU Run 1 June 3 June 17.RUN,,0.1172970676,0.8275512169
One. Sept 2025,Jun17_BG_ODNR 4 ,,6/17/2025,ODNR 4,,,165.26,2.466,0.486,31.184,3.145,61.965,227.225,72.250,,,Dec 2 BGSU Run 1R1R1.RUN,TNTP BGSU Run 1 June 3 June 17.RUN,,0.1545310016,0.7381494114
One. Sept 2025,Jun17_BG_ODNR 6 ,,6/17/2025,ODNR 6,,,250.47,4.314,0.307,16.304,2.9155,65.013,315.4825,108.209,,,Dec 2 BGSU Run 1R1R1.RUN,TNTP BGSU Run 1 June 3 June 17.RUN,,0.1052992626,0.8076010555
One. Sept 2025,Jun17_BG_Bridge ,,6/17/2025,Bridge ,,,176.83,2.148,0.286,31.165,2.5595,57.439,234.269,91.529,,,Dec 2 BGSU Run 1R1R1.RUN,TNTP BGSU Run 1 June 3 June 17.RUN,,0.1117405743,0.7639849916
One. Sept 2025,Jun17_BG_ODNR 2 ,,6/17/2025,ODNR 2,,,152.93,3.258,0.452,33.673,1.9135,48.154,201.0835,105.087,,,Dec 2 BGSU Run 1R1R1.RUN,TNTP BGSU Run 1 June 3 June 17.RUN,,0.2362163575,0.7767320541
One. Sept 2025,Jun17_BG_Buoy 2 ,,6/17/2025,Buoy 2 ,,,139.1,3.294,0.344,30.717,1.7495,48.034,187.1335,106.964,,,Dec 2 BGSU Run 1R1R1.RUN,TNTP BGSU Run 1 June 3 June 17.RUN,,0.1966276079,0.7609220156
One. Sept 2025,Jun17_BG_ODNR 1 ,,6/17/2025,ODNR 1 ,,,117.89,4.735,0.511,36.619,1.523,40.374,158.2635,103.916,,,Dec 2 BGSU Run 1R1R1.RUN,TNTP BGSU Run 1 June 3 June 17.RUN,,0.3355219961,0.7748154186
One. Sept 2025,Jun17_BG_EC 1163 ,,6/17/2025,EC 1163 ,,,127.29,9.31,0.622,57.353,1.6365,39.171,166.461,101.718,,,Dec 2 BGSU Run 1R1R1.RUN,TNTP BGSU Run 1 June 3 June 17.RUN,,0.3800794378,0.820612636
One. Sept 2025,Jun17_BG_Causeway ,,6/17/2025,Causeway ,,,65.489,1.864,0.082,77.591,1.69,45.774,111.263,65.836,,,Dec 2 BGSU Run 1R1R1.RUN,TNTP BGSU Run 1 June 3 June 17.RUN,,0.04852071006,0.6053494873
One. Sept 2025,Jun17_BG_Bells,,6/17/2025,Bells,,,84.505,5.824,0.371,43.397,1.2485,32.936,117.441,94.066,,,Dec 2 BGSU Run 1R1R1.RUN,TNTP BGSU Run 1 June 3 June 17.RUN,,0.2971565879,0.7691436551
One. Sept 2025,Jun24_BG_Muddy Creek ,,6/24/2025,Muddy Creek,,,655.88,10.168,2.412,153.326,6.8285,84.515,740.395,108.427,,,Dec 2 BGSU Run 1R1R1.RUN,TNTP Dec11 2025 BGSU Run 2 and MC redo.RUN,,0.3532254521,0.8995846811
One. Sept 2025,Jun24_BG_ODNR 4 ,,6/24/2025,ODNR 4,,,411.75,7.218,0.898,67.549,3.957,69.675,481.425,121.664,,,Dec 2 BGSU Run 1R1R1.RUN,TNTP Dec11 2025 BGSU Run 2 and MC redo.RUN,,0.2269396007,0.8702663966
One. Sept 2025,Jun24_BG_ODNR 6 ,,6/24/2025,ODNR 6,,,172.85,1.573,0.049,21.749,2.444,67.307,240.157,98.264,,,Dec 2 BGSU Run 1R1R1.RUN,TNTP Dec11 2025 BGSU Run 2 and MC redo.RUN,,0.02004909984,0.726287387
One. Sept 2025,Jun24_BG_Bridge ,,6/24/2025,Bridge ,,,147.85,3.893,0.237,21.094,2.612,64.644,212.4935,81.353,,,Dec 2 BGSU Run 1R1R1.RUN,TNTP Dec11 2025 BGSU Run 2 and MC redo.RUN,,0.09073506891,0.7141065491
One. Sept 2025,Jun24_BG_ODNR 2 ,,6/24/2025,ODNR 2,,,119.75,1.978,0.024,29.995,1.5235,46.511,166.261,109.131,,,Dec 2 BGSU Run 1R1R1.RUN,TNTP Dec11 2025 BGSU Run 2 and MC redo.RUN,,0.01575319987,0.7321500532
One. Sept 2025,Jun24_BG_Buoy 2 ,,6/24/2025,Buoy 2 ,,,107.536,2.238,0.074,22.837,1.443,46.348,153.884,106.642,,,Dec 2 BGSU Run 1R1R1.RUN,TNTP Dec11 2025 BGSU Run 2 and MC redo.RUN,,0.05128205128,0.7133555145
One. Sept 2025,Jun24_BG_ODNR 1 ,,6/24/2025,ODNR 1 ,,,106.31,7.33,0.042,16.482,1.2085,44.065,150.375,124.431,,,Dec 2 BGSU Run 1R1R1.RUN,TNTP Dec11 2025 BGSU Run 2 and MC redo.RUN,,0.03475382706,0.7557107232
One. Sept 2025,Jun24_BG_EC 1163 ,,6/24/2025,EC 1163 ,,,105.351,2,0.076,20.603,2.0005,61.899,167.25,83.604,,,Dec 2 BGSU Run 1R1R1.RUN,TNTP Dec11 2025 BGSU Run 2 and MC redo.RUN,,0.03799050237,0.6418594918
One. Sept 2025,Jun24_BG_Causeway ,,6/24/2025,Causeway ,,,82.146,4.574,0.026,41.862,1.978,54.136,136.282,68.899,,,Dec 2 BGSU Run 1R1R1.RUN,TNTP Dec11 2025 BGSU Run 2 and MC redo.RUN,,0.0131445905,0.6363276148
One. Sept 2025,Jun24_BG_Bells,,6/24/2025,Bells,,,70.568,3.083,0.005,20.593,0.606,21.191,91.759,151.417,,,Dec 2 BGSU Run 1R1R1.RUN,TNTP Dec11 2025 BGSU Run 2 and MC redo.RUN,,0.008250825083,0.8026569601
One. Sept 2025,Jul01_BG_Muddy Creek,,7/1/2025,Muddy Creek,,,489.85,17.038,1.568,105.806,4.781,102.155,592.01,123.825,,,Dec 2 BGSU Run 1R1R1.RUN,TNTP Dec11 2025 BGSU Run 2 and MC redo.RUN,,0.3279648609,0.8562224981
One. Sept 2025,Jul01_BG_ODNR 4,,7/1/2025,ODNR 4,,,334.34,4.635,0.26,11.442,3.4685,74.094,408.434,117.755,,,Dec 2 BGSU Run 1R1R1.RUN,TNTP Dec11 2025 BGSU Run 2 and MC redo.RUN,,0.0749603575,0.829938252
One. Sept 2025,Jul01_BG_ODNR 6,,7/1/2025,ODNR 6,,,104.554,3.544,0.168,11.447,2.8155,77.958,182.512,64.824,,,Dec 2 BGSU Run 1R1R1.RUN,TNTP Dec11 2025 BGSU Run 2 and MC redo.RUN,,0.05966968567,0.5922788639
One. Sept 2025,Jul01_BG_Bridge ,,7/1/2025,Bridge ,,,200.24,4.678,0.164,8.029,3.512,81.648,281.8875,80.264,,,Dec 2 BGSU Run 1R1R1.RUN,TNTP Dec11 2025 BGSU Run 2 and MC redo.RUN,,0.04669703872,0.7269495809
One. Sept 2025,Jul01_BG_ODNR 2,,7/1/2025,ODNR 2,,,62.37,2.916,0.139,7.961,1.864,59.936,122.3055,65.615,,,Dec 2 BGSU Run 1R1R1.RUN,TNTP Dec11 2025 BGSU Run 2 and MC redo.RUN,,0.07457081545,0.5337944737
One. Sept 2025,Jul01_BG_Buoy 2 ,,7/1/2025,Buoy 2 ,,,57.652,1.931,0,11.668,2.0615,66.030,123.682,59.996,,,Dec 2 BGSU Run 1R1R1.RUN,TNTP Dec11 2025 BGSU Run 2 and MC redo.RUN,,0,0.4817435035
One. Sept 2025,Jul01_BG_ODNR 1 ,,7/1/2025,ODNR 1 ,,,59.046,1.965,0.049,14.72,2.15,63.041,122.087,56.785,,,Dec 2 BGSU Run 1R1R1.RUN,TNTP Dec11 2025 BGSU Run 2 and MC redo.RUN,,0.02279069767,0.4997337964
One. Sept 2025,Jul01_BG_EC 1163 ,,7/1/2025,EC 1163 ,,,66.385,11.67,0.04,14.422,2.2575,65.406,131.791,58.379,,,Dec 2 BGSU Run 1R1R1.RUN,TNTP Dec11 2025 BGSU Run 2 and MC redo.RUN,,0.01771871539,0.5922635081
One. Sept 2025,Jul01_BG_Causeway ,,7/1/2025,Causeway ,,,30.724,1.505,0.031,32.97,1.7685,51.145,81.869,46.293,,,Dec 2 BGSU Run 1R1R1.RUN,TNTP Dec11 2025 BGSU Run 2 and MC redo.RUN,,0.01752897936,0.39366549
One. Sept 2025,Jul01_BG_Bells,,7/1/2025,Bells,,,56.749,2.061,0.025,18.605,0.515,18.617,75.366,146.342,,,Dec 2 BGSU Run 1R1R1.RUN,TNTP Dec11 2025 BGSU Run 2 and MC redo.RUN,,0.04854368932,0.7803253456
One. Sept 2025,Jul08_BG_Muddy Creek,,7/8/2025,Muddy Creek,,,257.97,6.485,0.644,50.32,5.0505,81.812,339.7815,67.277,,,Dec 2 BGSU Run 1R1R1.RUN,TNTP Dec11 2025 BGSU Run 2 and MC redo.RUN,,0.1275121275,0.7783090015
One. Sept 2025,Jul08_BG_ODNR 4,,7/8/2025,ODNR 4,,,189.37,1.522,0.101,15.134,4.067,97.620,286.9895,70.565,,,Dec 2 BGSU Run 1R1R1.RUN,TNTP Dec11 2025 BGSU Run 2 and MC redo.RUN,,0.02483403,0.6651532547
One. Sept 2025,Jul08_BG_ODNR 6,,7/8/2025,ODNR 6,,,47.661,3.18,0.096,21.888,3.61,119.809,167.4695,46.390,,,Dec 2 BGSU Run 1R1R1.RUN,TNTP Dec11 2025 BGSU Run 2 and MC redo.RUN,,0.02659279778,0.3035836376
One. Sept 2025,Jul08_BG_Bridge ,,7/8/2025,Bridge ,,,30.761,3.496,0.043,28.156,4.0785,106.904,137.665,33.754,,,Dec 2 BGSU Run 1R1R1.RUN,TNTP Dec11 2025 BGSU Run 2 and MC redo.RUN,,0.01054309182,0.2488432063
One. Sept 2025,Jul08_BG_ODNR 2,,7/8/2025,ODNR 2,,,12.573,3.949,0.033,31.449,3.2345,101.901,114.474,35.392,,,Dec 2 BGSU Run 1R1R1.RUN,TNTP Dec11 2025 BGSU Run 2 and MC redo.RUN,,0.01020250425,0.1443297168
One. Sept 2025,Jul08_BG_Buoy 2 ,,7/8/2025,Buoy 2 ,,,15.405,6.884,0.054,38.294,2.7755,89.122,104.5265,37.660,,,Dec 2 BGSU Run 1R1R1.RUN,TNTP Dec11 2025 BGSU Run 2 and MC redo.RUN,,0.01945595388,0.2132377914
One. Sept 2025,Jul08_BG_ODNR 1 ,,7/8/2025,ODNR 1 ,,,22.203,3.652,0.092,35.676,2.5315,70.822,93.0245,36.747,,,Dec 2 BGSU Run 1R1R1.RUN,TNTP Dec11 2025 BGSU Run 2 and MC redo.RUN,,0.03634208967,0.2779375326
One. Sept 2025,Jul08_BG_EC 1163 ,,7/8/2025,EC 1163 ,,,15.138,1.965,0.067,50.209,3.0765,89.959,105.097,34.161,,,Dec 2 BGSU Run 1R1R1.RUN,TNTP Dec11 2025 BGSU Run 2 and MC redo.RUN,,0.02177799447,0.1627353778
One. Sept 2025,Jul08_BG_Causeway ,,7/8/2025,Causeway ,,,8.502,1.975,0.131,45.53,2.2275,64.869,73.3705,32.938,,,Dec 2 BGSU Run 1R1R1.RUN,TNTP Dec11 2025 BGSU Run 2 and MC redo.RUN,,0.05881032548,0.1427958103
One. Sept 2025,Jul08_BG_Bells,,7/8/2025,Bells,,,45.296,3.522,0,29.947,0.4085,16.803,62.099,152.017,,,Dec 2 BGSU Run 1R1R1.RUN,TNTP Dec11 2025 BGSU Run 2 and MC redo.RUN,,0,0.7861318218
One. Sept 2025,Jul15_BG_Muddy Creek,,7/15/2025,Muddy Creek,,,125.87,30.722,0.159,32.951,6.0905,117.880,243.75,40.021,,,Dec 2 BGSU Run 1R1R1.RUN,TNTP Dec11 2025 BGSU Run 2 and MC redo.RUN,,0.02610623102,0.6424287179
One. Sept 2025,Jul15_BG_ODNR 4,,7/15/2025,ODNR 4,,,57.552,6.597,0.135,21.493,5.369,119.838,177.39,33.040,,,Dec 2 BGSU Run 1R1R1.RUN,TNTP Dec11 2025 BGSU Run 2 and MC redo.RUN,,0.02514434718,0.3616269237
One. Sept 2025,Jul15_BG_ODNR 6,,7/15/2025,ODNR 6,,,33.538,2.619,0.143,42.579,4.1575,123.143,156.681,37.686,,,Dec 2 BGSU Run 1R1R1.RUN,TNTP Dec11 2025 BGSU Run 2 and MC redo.RUN,,0.03439567048,0.2307682489
One. Sept 2025,Jul15_BG_Bridge ,,7/15/2025,Bridge ,,,8.527,9.554,0.151,46.613,4.802,105.939,114.4655,23.837,,,Dec 2 BGSU Run 1R1R1.RUN,TNTP Dec11 2025 BGSU Run 2 and MC redo.RUN,,0.03144523115,0.1579602588
One. Sept 2025,Jul15_BG_ODNR 2,,7/15/2025,ODNR 2,,,1.68,1.448,0.067,63.376,3.0955,76.202,77.882,25.160,,,Dec 2 BGSU Run 1R1R1.RUN,TNTP Dec11 2025 BGSU Run 2 and MC redo.RUN,,0.0216443224,0.040163324
One. Sept 2025,Jul15_BG_Buoy 2 ,,7/15/2025,Buoy 2 ,,,1.991,5.582,0.012,76.571,2.9605,71.580,73.5705,24.851,,,Dec 2 BGSU Run 1R1R1.RUN,TNTP Dec11 2025 BGSU Run 2 and MC redo.RUN,,0.004053369363,0.1029352798
One. Sept 2025,Jul15_BG_ODNR 1 ,,7/15/2025,ODNR 1 ,,,2.427,5.114,0.086,64.247,2.7015,74.371,76.7975,28.428,,,Dec 2 BGSU Run 1R1R1.RUN,TNTP Dec11 2025 BGSU Run 2 and MC redo.RUN,,0.0318341662,0.09819330056
One. Sept 2025,Jul15_BG_EC 1163 ,,7/15/2025,EC 1163 ,,,1.238,11.565,0.052,67.886,2.4925,79.351,80.589,32.333,,,Dec 2 BGSU Run 1R1R1.RUN,TNTP Dec11 2025 BGSU Run 2 and MC redo.RUN,,0.02086258776,0.1588678356
One. Sept 2025,Jul15_BG_Causeway ,,7/15/2025,Causeway ,,,2.029,4.112,0.021,70.905,2.5385,71.142,73.171,28.825,,,Dec 2 BGSU Run 1R1R1.RUN,TNTP Dec11 2025 BGSU Run 2 and MC redo.RUN,,0.00827260193,0.08392669227
One. Sept 2025,Jul15_BG_Bells,,7/15/2025,Bells,,,38.648,3.156,0,21.864,0.451,18.249,56.897,126.157,,,Dec 2 BGSU Run 1R1R1.RUN,TNTP Dec11 2025 BGSU Run 2 and MC redo.RUN,,0,0.7347311809
One. Sept 2025,Jul22_BG_Muddy Creek,,7/22/2025,Muddy Creek,,,124.53,6.257,0.9,63.717,6.8565,102.353,226.8825,33.090,,,Dec 2 BGSU Run 1R1R1.RUN,TNTP Dec 12 2025 BGSU Run 3.RUN,,0.1312623058,0.5764525691
One. Sept 2025,Jul22_BG_ODNR 4,,7/22/2025,ODNR 4,,,1.873,1.998,0.106,24.44,6.1035,135.286,137.159,22.472,,,Dec 2 BGSU Run 1R1R1.RUN,TNTP Dec 12 2025 BGSU Run 3.RUN,,0.01736708446,0.02822271962
One. Sept 2025,Jul22_BG_ODNR 6,,7/22/2025,ODNR 6,,,1.35,1.351,0.106,18.268,5.7375,148.257,149.6065,26.075,,,Dec 2 BGSU Run 1R1R1.RUN,TNTP Dec 12 2025 BGSU Run 3.RUN,,0.01847494553,0.0180540284
One. Sept 2025,Jul22_BG_Bridge,,7/22/2025,Bridge ,,,1.431,5.317,0.299,36.003,5.097,103.188,104.6185,20.526,,,Dec 2 BGSU Run 1R1R1.RUN,TNTP Dec 12 2025 BGSU Run 3.RUN,,0.05866195801,0.06450102037
One. Sept 2025,Jul22_BG_ODNR 2,,7/22/2025,ODNR 2,,,0.84,2.702,0.485,62.326,3.959,76.013,76.8525,19.412,,,Dec 2 BGSU Run 1R1R1.RUN,TNTP Dec 12 2025 BGSU Run 3.RUN,,0.1225056833,0.046088286
One. Sept 2025,Jul22_BG_Buoy 2,,7/22/2025,Buoy 2 ,,,1.562,1.072,0.269,94.845,2.6825,54.415,55.977,20.867,,,Dec 2 BGSU Run 1R1R1.RUN,TNTP Dec 12 2025 BGSU Run 3.RUN,,0.1002795899,0.04705504046
One. Sept 2025,Jul22_BG_ODNR 1,,7/22/2025,ODNR 1 ,,,3.056,2.035,0.082,74.929,2.0745,48.413,51.469,24.810,,,Dec 2 BGSU Run 1R1R1.RUN,TNTP Dec 12 2025 BGSU Run 3.RUN,,0.03952759701,0.09891390934
One. Sept 2025,Jul22_BG_EC 1163,,7/22/2025,EC 1163 ,,,6.187,1.941,0.01,58.86,1.2885,42.018,48.205,37.412,,,Dec 2 BGSU Run 1R1R1.RUN,TNTP Dec 12 2025 BGSU Run 3.RUN,,0.007760962359,0.1686132144
One. Sept 2025,Jul22_BG_Causeway,,7/22/2025,Causeway ,,,0.765,1.438,0.028,77.033,2.7425,64.499,65.2635,23.797,,,Dec 2 BGSU Run 1R1R1.RUN,TNTP Dec 12 2025 BGSU Run 3.RUN,,0.01020966272,0.03375546822
One. Sept 2025,Jul22_BG_Bells,,7/22/2025,Bells,,,23.18,1.233,0.044,31.834,0.582,24.535,47.715,81.985,,,Dec 2 BGSU Run 1R1R1.RUN,TNTP Dec 12 2025 BGSU Run 3.RUN,,0.07560137457,0.5116420413
One. Sept 2025,May23_BG_Swim Beach,,5/23/2025,Swim Beach,,,18.645,4.573,0.031,159.617,1.2165,68.373,87.0175,71.531,,,Dec 3 BGSU Run 2R1.RUN,TNTP Dec 12 2025 BGSU Run 3.RUN,,0.02548294287,0.2668198926
One. Sept 2025,May23_BG_Inlet,,5/23/2025,Inlet,,,22.112,3.806,0.025,151.04,1.2245,52.211,74.323,60.697,,,Dec 3 BGSU Run 2R1.RUN,TNTP Dec 12 2025 BGSU Run 3.RUN,,0.02041649653,0.3487211227
One. Sept 2025,May23_BG_Outer Cove,,5/23/2025,Outer Cove,,,20.754,3.408,0.015,148.739,1.4625,67.282,88.0355,60.195,,,Dec 3 BGSU Run 2R1.RUN,TNTP Dec 12 2025 BGSU Run 3.RUN,,0.01025641026,0.2744574632
One. Sept 2025,May23_BG_Center,,5/23/2025,Center,,,21.486,4.356,0.026,143.137,1.2355,66.648,88.134,71.335,,,Dec 3 BGSU Run 2R1.RUN,TNTP Dec 12 2025 BGSU Run 3.RUN,,0.0210441117,0.2932126081
One. Sept 2025,May30_BG_Swim Beach,,5/30/2025,Swim Beach,,,11.694,0.96,0.038,168.639,1.4305,70.852,82.5455,57.704,,,Dec 3 BGSU Run 2R1.RUN,TNTP Dec 12 2025 BGSU Run 3.RUN,,0.02656413841,0.1532972724
One. Sept 2025,May30_BG_Inlet,,5/30/2025,Inlet,,,13.275,0.247,0.069,162.061,1.726,74.792,88.0665,51.023,,,Dec 3 BGSU Run 2R1.RUN,TNTP Dec 12 2025 BGSU Run 3.RUN,,0.03997682503,0.1535430612
One. Sept 2025,May30_BG_Outer Cove,,5/30/2025,Outer Cove,,,12.021,15.761,0.113,190.693,1.6155,78.155,90.176,55.819,,,Dec 3 BGSU Run 2R1.RUN,TNTP Dec 12 2025 BGSU Run 3.RUN,,0.06994738471,0.3080864088
One. Sept 2025,May30_BG_Center,,5/30/2025,Center,,,11.399,0.91,0.065,163.014,1.4455,69.949,81.348,56.277,,,Dec 3 BGSU Run 2R1.RUN,TNTP Dec 12 2025 BGSU Run 3.RUN,,0.0449671394,0.151312878
One. Sept 2025,Jun06_BG_Swim Beach,,6/6/2025,Swim Beach,,,0.753,4.025,0.026,164.653,2.6485,87.752,88.5045,33.417,,,Dec 3 BGSU Run 2R1.RUN,TNTP Dec 12 2025 BGSU Run 3.RUN,,0.009816877478,0.05398595552
One. Sept 2025,Jun06_BG_Inlet,,6/6/2025,Inlet,,,2.307,1.495,0.049,166.865,2.7655,86.301,88.6075,32.040,,,Dec 3 BGSU Run 2R1.RUN,TNTP Dec 12 2025 BGSU Run 3.RUN,,0.01771831495,0.04290833169
One. Sept 2025,Jun06_BG_Outer Cove,,6/6/2025,Outer Cove,,,0,0,0.018,158.37,3.3765,97.925,97.925,29.002,,,Dec 3 BGSU Run 2R1.RUN,TNTP Dec 12 2025 BGSU Run 3.RUN,,0.005330964016,0
One. Sept 2025,Jun06_BG_Center,,6/6/2025,Center,,,0.632,4.849,0.054,171.758,3.08,95.423,96.055,31.187,,,Dec 3 BGSU Run 2R1.RUN,TNTP Dec 12 2025 BGSU Run 3.RUN,,0.01753246753,0.05706105877
One. Sept 2025,Jun20_BG_Swim Beach,,6/20/2025,Swim Beach,,,1.064,0.484,0.07,199.011,2.105,83.826,84.8895,40.328,,,Dec 3 BGSU Run 2R1.RUN,TNTP Dec 12 2025 BGSU Run 3.RUN,,0.03325415677,0.01823547082
One. Sept 2025,Jun20_BG_Inlet,,6/20/2025,Inlet,,,0.841,0.192,0.048,195.799,2.288,86.440,87.281,38.147,,,Dec 3 BGSU Run 2R1.RUN,TNTP Dec 12 2025 BGSU Run 3.RUN,,0.02097902098,0.01183533644
One. Sept 2025,Jun20_BG_Outer Cove,,6/20/2025,Outer Cove,,,0.719,0.216,0.034,187.137,3.0455,98.298,99.0165,32.512,,,Dec 3 BGSU Run 2R1.RUN,TNTP Dec 12 2025 BGSU Run 3.RUN,,0.01116401248,0.009442870633
One. Sept 2025,Jun20_BG_Center,,6/20/2025,Center,,,0.467,0,0.042,187.002,2.6645,93.057,93.5235,35.100,,,Dec 3 BGSU Run 2R1.RUN,TNTP Dec 12 2025 BGSU Run 3.RUN,,0.01576280728,0.004993397381
One. Sept 2025,Jul03_BG_Swim Beach,,7/3/2025,Swim Beach,,,1.083,0.285,0.138,305.42,3.2715,93.077,94.1595,28.782,,,Dec 3 BGSU Run 2R1.RUN,TNTP Dec 12 2025 BGSU Run 3.RUN,,0.0421824851,0.01452853934
One. Sept 2025,Jul03_BG_Inlet,,7/3/2025,Inlet,,,3.299,4.195,0.368,303.18,4.277,105.895,109.1935,25.530,,,Dec 3 BGSU Run 2R1.RUN,TNTP Dec 12 2025 BGSU Run 3.RUN,,0.08604161796,0.06863045877
One. Sept 2025,Jul03_BG_Outer Cove,,7/3/2025,Outer Cove,,,0.965,2.322,0.102,315.25,3.7915,97.715,98.6795,26.027,,,Dec 3 BGSU Run 2R1.RUN,TNTP Dec 12 2025 BGSU Run 3.RUN,,0.02690228142,0.03330985666
One. Sept 2025,Jul03_BG_Center,,7/3/2025,Center,,,1.327,0,0.082,281.56,4.186,117.627,118.9535,28.417,,,Dec 3 BGSU Run 2R1.RUN,TNTP Dec 12 2025 BGSU Run 3.RUN,,0.01958910655,0.01115561963
One. Sept 2025,Jul18_BG_Swim Beach,,7/18/2025,Swim Beach,,,0.738,0.335,0.097,340.42,3.9705,100.813,101.5505,25.576,,,Dec 3 BGSU Run 2R1.RUN,TNTP Dec 12 2025 BGSU Run 3.RUN,,0.02443017252,0.01056617151
One. Sept 2025,Jul18_BG_Inlet,,7/18/2025,Inlet,,,0.101,1.045,0.096,347.59,3.9265,101.436,101.5365,25.859,,,Dec 3 BGSU Run 2R1.RUN,TNTP Dec 12 2025 BGSU Run 3.RUN,,0.02444925506,0.01128658167
One. Sept 2025,Jul18_BG_Outer Cove,,7/18/2025,Outer Cove,,,0.775,0.291,0.087,338.59,8.878,159.215,159.99,18.021,,,Dec 3 BGSU Run 2R1.RUN,TNTP Dec 12 2025 BGSU Run 3.RUN,,0.009799504393,0.006662916432
One. Sept 2025,Jul18_BG_Center,,7/18/2025,Center,,,0.88,1.598,0.083,343.78,4.604,108.364,109.2435,23.728,,,Dec 3 BGSU Run 2R1.RUN,TNTP Dec 12 2025 BGSU Run 3.RUN,,0.01802780191,0.02268327177
One. Sept 2025,Jul18_BG_Canoe Area,,7/18/2025,Canoe Area,,,0.428,114.97,0.041,173.532,5.1585,116.614,117.042,22.689,,,Dec 3 BGSU Run 2R1.RUN,TNTP Dec 12 2025 BGSU Run 3.RUN,,0.007948046913,0.9859537602
,,,,,,,,,,,,,,,,,,,,,
,,,,,,,,,,,,,,,,,,,,,
Two. Nov 2025,Jul29_BG_Muddy Creek,7/29/2025,7/29/2025,Muddy Creek,,,54.219,10.243,1.548,77.982,7.199,91.634,145.853,20.260,,,Dec 3 BGSU Run 2R1.RUN,TNTP Dec 12 2025 BGSU Run 3.RUN,,0.2150298653,0.4419655406
Two. Nov 2025,Jul29_BG_ODNR 4,7/29/2025,7/29/2025,ODNR 4,,,2.869,1.637,0.921,22.059,6.967,130.800,133.6685,19.186,,,Dec 3 BGSU Run 2R1.RUN,TNTP Dec 12 2025 BGSU Run 3.RUN,,0.1321946318,0.03371026083
Two. Nov 2025,Jul29_BG_ODNR 6,7/29/2025,7/29/2025,ODNR 6,,,0.711,0.335,0.156,20.896,5.1835,118.756,119.4665,23.047,,,Dec 3 BGSU Run 2R1.RUN,TNTP Dec 12 2025 BGSU Run 3.RUN,,0.03009549532,0.008755592572
Two. Nov 2025,Jul29_BG_Bridge,7/29/2025,7/29/2025,Bridge,,,2.401,2.7,1.037,44.074,5.838,103.178,105.579,18.085,,,Dec 3 BGSU Run 2R1.RUN,TNTP Dec 12 2025 BGSU Run 3.RUN,,0.1776293251,0.04831453225
Two. Nov 2025,Jul29_BG_ODNR 2,7/29/2025,7/29/2025,ODNR 2,,,1.164,0.421,0.326,83.603,3.7825,70.495,71.6585,18.945,,,Dec 3 BGSU Run 2R1.RUN,TNTP Dec 12 2025 BGSU Run 3.RUN,,0.08618638467,0.02211879958
Two. Nov 2025,Jul29_BG_Buoy 2,7/29/2025,7/29/2025,Buoy 2,,,1.382,3.946,0.311,75.999,3.3805,68.457,69.8385,20.659,,,Dec 3 BGSU Run 2R1.RUN,TNTP Dec 12 2025 BGSU Run 3.RUN,,0.09199822511,0.07629029833
Two. Nov 2025,Jul29_BG_ODNR 1,7/29/2025,7/29/2025,ODNR 1,,,2.79,0.552,0.097,68.522,3.0435,62.871,65.6605,21.574,,,Dec 3 BGSU Run 2R1.RUN,TNTP Dec 12 2025 BGSU Run 3.RUN,,0.03187120092,0.05089818079
Two. Nov 2025,Jul29_BG_EC 1163,7/29/2025,7/29/2025,EC 1163,,,1.988,0.228,0.081,52.662,1.9885,54.706,56.6935,28.511,,,Dec 3 BGSU Run 2R1.RUN,TNTP Dec 12 2025 BGSU Run 3.RUN,,0.04073422178,0.03908737333
Two. Nov 2025,Jul29_BG_Causeway,7/29/2025,7/29/2025,Causeway,,,1.079,1.443,0.055,72.353,2.5985,59.073,60.152,23.149,,,Dec 3 BGSU Run 2R1.RUN,TNTP Dec 12 2025 BGSU Run 3.RUN,,0.02116605734,0.04192711797
Two. Nov 2025,Jul29_BG_Bells,7/29/2025,7/29/2025,Bells,,,16.672,1.505,0.058,21.047,0.7725,27.253,43.9245,56.860,,,Dec 3 BGSU Run 2R1.RUN,TNTP Dec 12 2025 BGSU Run 3.RUN,,0.07508090615,0.4138237202
Two. Nov 2025,Aug05_BG_Muddy Creek,8/5/2025,8/5/2025,Muddy Creek,,,61.054,0.984,0.854,103.624,5.7625,79.877,140.9305,24.456,,,Dec 3 BGSU Run 2R1.RUN,TNTP Dec 12 2025 BGSU Run 3.RUN,,0.1481995662,0.440202795
Two. Nov 2025,Aug05_BG_ODNR 4,8/5/2025,8/5/2025,ODNR 4,,,21.851,1.588,0.369,72.946,5.71,103.615,125.466,21.973,,,Dec 3 BGSU Run 2R1.RUN,TNTP Dec 12 2025 BGSU Run 3.RUN,,0.0646234676,0.1868155516
Two. Nov 2025,Aug05_BG_ODNR 6,8/5/2025,8/5/2025,ODNR 6,,,0.383,0.558,0.159,26.882,5.5455,126.398,126.781,22.862,,,Dec 3 BGSU Run 2R1.RUN,TNTP Dec 12 2025 BGSU Run 3.RUN,,0.02867189613,0.007422247813
Two. Nov 2025,Aug05_BG_Bridge,8/5/2025,8/5/2025,Bridge,,,0.651,104.11,0.306,34.257,5.1995,113.196,113.847,21.896,,,Dec 3 BGSU Run 2R1.RUN,TNTP Dec 12 2025 BGSU Run 3.RUN,,0.05885181267,0.9201911337
Two. Nov 2025,Aug05_BG_ODNR 2,8/5/2025,8/5/2025,ODNR 2,,,0.306,5.615,0.911,37.674,5.394,100.858,101.1635,18.755,,,Dec 3 BGSU Run 2R1.RUN,TNTP Dec 12 2025 BGSU Run 3.RUN,,0.1688913608,0.05852901491
Two. Nov 2025,Aug05_BG_EC 1163,8/5/2025,8/5/2025,EC 1163,,,2.056,2.07,0.117,57.385,3.228,71.362,73.418,22.744,,,Dec 3 BGSU Run 2R1.RUN,TNTP Dec 12 2025 BGSU Run 3.RUN,,0.03624535316,0.05619875235
Two. Nov 2025,Aug05_BG_Causeway,8/5/2025,8/5/2025,Causeway,,,1.299,3.206,0.072,58.221,2.779,66.359,67.658,24.346,,,Dec 3 BGSU Run 2R1.RUN,TNTP Dec 12 2025 BGSU Run 3.RUN,,0.02590860022,0.06658488279
Two. Nov 2025,Aug05_BG_Bells,8/5/2025,8/5/2025,Bells,,,18.737,2.03,0.217,29.163,1.901,38.423,57.16,30.068,,,Dec 3 BGSU Run 2R1.RUN,TNTP Dec 12 2025 BGSU Run 3.RUN,,0.1141504471,0.3633135059
Two. Nov 2025,Aug12_BG_Muddy Creek,8/12/2025,8/12/2025,Muddy Creek,,,27.717,2.352,1.384,68.069,8.188,108.024,135.741,16.578,,,Dec 3 BGSU Run 2R1.RUN,TNTP Dec 16 2025 BGSU Run 4 and RedosR1.RUN,,0.1690278456,0.2215174487
Two. Nov 2025,Aug12_BG_ODNR 4,8/12/2025,8/12/2025,ODNR 4,,,0.559,2.533,0.547,44.423,6.4385,122.092,122.6505,19.050,,,Dec 3 BGSU Run 2R1.RUN,TNTP Dec 16 2025 BGSU Run 4 and RedosR1.RUN,,0.08495767648,0.02520984423
Two. Nov 2025,Aug12_BG_ODNR 6,8/12/2025,8/12/2025,ODNR 6,,,0.552,4.34,0.722,60.038,6.01,116.734,117.2855,19.515,,,Dec 3 BGSU Run 2R1.RUN,TNTP Dec 16 2025 BGSU Run 4 and RedosR1.RUN,,0.1201331115,0.04171018583
Two. Nov 2025,Aug12_BG_Bridge,8/12/2025,8/12/2025,Bridge,,,0.507,0.614,1.144,65.326,5.904,104.316,104.823,17.755,,,Dec 3 BGSU Run 2R1.RUN,TNTP Dec 16 2025 BGSU Run 4 and RedosR1.RUN,,0.1937669377,0.01069421787
Two. Nov 2025,Aug12_BG_ODNR 2,8/12/2025,8/12/2025,ODNR 2,,,0.499,4.575,0.466,79.431,4.524,90.399,90.898,20.092,,,Dec 3 BGSU Run 2R1.RUN,TNTP Dec 16 2025 BGSU Run 4 and RedosR1.RUN,,0.1030061892,0.05582081014
Two. Nov 2025,Aug12_BG_Buoy 2,8/12/2025,8/12/2025,Buoy 2,,,0.563,1.566,0.089,84.49,3.4655,78.340,78.903,22.768,,,Dec 3 BGSU Run 2R1.RUN,TNTP Dec 16 2025 BGSU Run 4 and RedosR1.RUN,,0.02568171981,0.0269824975
Two. Nov 2025,Aug12_BG_ODNR 1,8/12/2025,8/12/2025,ODNR 1,,,1.019,1.055,0.101,76.034,3.6335,83.178,84.197,23.172,,,Dec 3 BGSU Run 2R1.RUN,TNTP Dec 16 2025 BGSU Run 4 and RedosR1.RUN,,0.02779689005,0.02463270663
Two. Nov 2025,Aug12_BG_EC 1163,8/12/2025,8/12/2025,EC 1163,,,0.435,1.288,0.056,66.515,2.9755,68.797,69.232,23.267,,,Dec 3 BGSU Run 2R1.RUN,TNTP Dec 16 2025 BGSU Run 4 and RedosR1.RUN,,0.01882036632,0.02488733534
Two. Nov 2025,Aug12_BG_Causeway,8/12/2025,8/12/2025,Causeway,,,0.452,1.405,0.048,68.205,2.746,67.516,67.968,24.752,,,Dec 3 BGSU Run 2R1.RUN,TNTP Dec 16 2025 BGSU Run 4 and RedosR1.RUN,,0.01747997087,0.02732168079
Two. Nov 2025,Aug12_BG_Bells,8/12/2025,8/12/2025,Bells,,,15.789,1.869,0.026,32.754,0.8125,22.138,37.9265,46.679,,,Dec 3 BGSU Run 2R1.RUN,TNTP Dec 16 2025 BGSU Run 4 and RedosR1.RUN,,0.032,0.4655847494
Two. Nov 2025,Aug20_BG_Muddy Creek,8/20/2025,8/20/2025,Muddy Creek,,,9.559,12.751,4.139,110.585,10.7145,111.024,120.5825,11.254,,,Dec 3 BGSU Run 2R1.RUN,TNTP Dec 16 2025 BGSU Run 4 and RedosR1.RUN,,0.3862989407,0.1850185558
Two. Nov 2025,Aug20_BG_ODNR 4,8/20/2025,8/20/2025,ODNR 4,,,4.799,12.318,2.07,95.74,6.4625,101.139,105.9375,16.393,,,Dec 3 BGSU Run 2R1.RUN,TNTP Dec 16 2025 BGSU Run 4 and RedosR1.RUN,,0.3203094778,0.1615764012
Two. Nov 2025,Aug20_BG_ODNR 6,8/20/2025,8/20/2025,ODNR 6,,,2.029,4.429,1.77,93.904,6.1465,102.105,104.134,16.942,,,Dec 3 BGSU Run 2R1.RUN,TNTP Dec 16 2025 BGSU Run 4 and RedosR1.RUN,,0.2879687627,0.0620162483
Two. Nov 2025,Aug20_BG_Bridge,8/20/2025,8/20/2025,Bridge,,,2.386,4.212,1.952,115.656,6.7575,98.502,100.888,14.930,,,Dec 3 BGSU Run 2R1.RUN,TNTP Dec 16 2025 BGSU Run 4 and RedosR1.RUN,,0.2888642249,0.06539925462
Two. Nov 2025,Aug20_BG_ODNR 2,8/20/2025,8/20/2025,ODNR 2,,,0.42,1.366,1.434,92.316,5.9935,97.593,98.0125,16.353,,,Dec 3 BGSU Run 2R1.RUN,TNTP Dec 16 2025 BGSU Run 4 and RedosR1.RUN,,0.2392591975,0.01822216554
Two. Nov 2025,Aug20_BG_Buoy 2,8/20/2025,8/20/2025,Buoy 2,,,0.097,1.137,0.5,89.918,4.3495,77.431,77.528,17.825,,,Dec 3 BGSU Run 2R1.RUN,TNTP Dec 16 2025 BGSU Run 4 and RedosR1.RUN,,0.114955742,0.01591683005
Two. Nov 2025,Aug20_BG_ODNR 1,8/20/2025,8/20/2025,ODNR 1,,,3.023,1.636,0.469,80.957,3.366,62.795,65.8175,19.554,,,Dec 3 BGSU Run 2R1.RUN,TNTP Dec 16 2025 BGSU Run 4 and RedosR1.RUN,,0.1393345217,0.07078664489
Two. Nov 2025,Aug20_BG_EC 1163,8/20/2025,8/20/2025,EC 1163,,,2.283,2.921,0.063,33.115,2.6575,51.302,53.5845,20.163,,,Dec 3 BGSU Run 2R1.RUN,TNTP Dec 16 2025 BGSU Run 4 and RedosR1.RUN,,0.02370649106,0.09711763663
Two. Nov 2025,Aug20_BG_Causeway,8/20/2025,8/20/2025,Causeway,,,2.636,0.995,0.172,60.313,2.864,63.788,66.424,23.193,,,Dec 3 BGSU Run 2R1.RUN,TNTP Dec 16 2025 BGSU Run 4 and RedosR1.RUN,,0.06005586592,0.05466397688
Two. Nov 2025,Aug26_BG_Muddy Creek,8/26/2025,8/26/2025,Muddy Creek,,,8.143,3.242,1.772,170.696,7.513,87.716,95.8585,12.759,,,Dec 3 BGSU Run 2R1.RUN,TNTP Dec 16 2025 BGSU Run 4 and RedosR1.RUN,,0.2358578464,0.1187688103
Two. Nov 2025,Aug26_BG_ODNR 4,8/26/2025,8/26/2025,ODNR 4,,,1.613,1.829,0.601,108.373,4.9025,89.683,91.296,18.622,,,Dec 3 BGSU Run 2R1.RUN,TNTP Dec 16 2025 BGSU Run 4 and RedosR1.RUN,,0.122590515,0.03770154224
Two. Nov 2025,Aug26_BG_ODNR 6,8/26/2025,8/26/2025,ODNR 6,,,0.706,1.608,0.416,114.606,4.743,89.201,89.907,18.956,,,Dec 3 BGSU Run 2R1.RUN,TNTP Dec 16 2025 BGSU Run 4 and RedosR1.RUN,,0.08770820156,0.02573770674
Two. Nov 2025,Aug26_BG_Bridge,8/26/2025,8/26/2025,Bridge,,,0.373,2.002,0.209,95.872,4.34,81.592,81.9645,18.886,,,Dec 3 BGSU Run 2R1.RUN,TNTP Dec 16 2025 BGSU Run 4 and RedosR1.RUN,,0.04815668203,0.0289759591
Two. Nov 2025,Aug26_BG_ODNR 2,8/26/2025,8/26/2025,ODNR 2,,,0.537,1.302,0.136,94.195,3.7815,70.095,70.6315,18.678,,,Dec 3 BGSU Run 2R1.RUN,TNTP Dec 16 2025 BGSU Run 4 and RedosR1.RUN,,0.03596456433,0.02603654177
Two. Nov 2025,Aug26_BG_Buoy 2,8/26/2025,8/26/2025,Buoy 2,,,0.863,1.027,0.366,92.327,4.495,68.606,69.469,15.455,,,Dec 3 BGSU Run 2R1.RUN,TNTP Dec 16 2025 BGSU Run 4 and RedosR1.RUN,,0.08142380423,0.02720637982
Two. Nov 2025,Aug26_BG_ODNR 1,8/26/2025,8/26/2025,ODNR 1,,,0.753,1.216,0.538,94.555,3.788,65.306,66.0585,17.439,,,Dec 3 BGSU Run 2R1.RUN,TNTP Dec 16 2025 BGSU Run 4 and RedosR1.RUN,,0.1420274551,0.02980691357
Two. Nov 2025,Aug26_BG_EC 1163,8/26/2025,8/26/2025,EC 1163,,,0.993,1.405,0.037,33.696,1.639,36.308,37.3005,22.758,,,Dec 3 BGSU Run 2R1.RUN,TNTP Dec 16 2025 BGSU Run 4 and RedosR1.RUN,,0.0225747407,0.06428868246
Two. Nov 2025,Aug26_BG_Causeway,8/26/2025,8/26/2025,Causeway,,,0,1.521,0.059,90.476,3.0465,60.921,60.9205,19.997,,,Dec 3 BGSU Run 2R1.RUN,TNTP Dec 16 2025 BGSU Run 4 and RedosR1.RUN,,0.01936648613,0.02496696514
Two. Nov 2025,Sept02_BG_Muddy Creek,9/2/2025,9/2/2025,Muddy Creek,,,0.028,5.299,1.339,169.263,5.306,71.902,71.93,13.556,,,Dec 3 BGSU Run 2R1.RUN,TNTP Dec 16 2025 BGSU Run 4 and RedosR1.RUN,,0.2523558236,0.07405811205
Two. Nov 2025,Sept02_BG_ODNR 4,9/2/2025,9/2/2025,ODNR 4,,,1.374,1.929,0.39,126.724,3.662,70.864,72.238,19.726,,,Dec 3 BGSU Run 2R1.RUN,TNTP Dec 16 2025 BGSU Run 4 and RedosR1.RUN,,0.1064991808,0.04572385725
Two. Nov 2025,Sept02_BG_ODNR 6,9/2/2025,9/2/2025,ODNR 6,,,0.989,1.039,0.477,119.987,3.164,65.185,66.174,20.915,,,Dec 3 BGSU Run 2R1.RUN,TNTP Dec 16 2025 BGSU Run 4 and RedosR1.RUN,,0.1507585335,0.03064647747
Two. Nov 2025,Sept02_BG_Bridge,9/2/2025,9/2/2025,Bridge,,,0.125,2.577,0.435,102.798,2.999,60.809,60.9335,20.318,,,Dec 3 BGSU Run 2R1.RUN,TNTP Dec 16 2025 BGSU Run 4 and RedosR1.RUN,,0.1450483494,0.04434342357
Two. Nov 2025,Sept02_BG_ODNR 2,9/2/2025,9/2/2025,ODNR 2,,,1.355,2.255,0.351,109.415,3.2145,64.191,65.5455,20.391,,,Dec 3 BGSU Run 2R1.RUN,TNTP Dec 16 2025 BGSU Run 4 and RedosR1.RUN,,0.1091927205,0.05507624475
Two. Nov 2025,Sept02_BG_Buoy 2,9/2/2025,9/2/2025,Buoy 2,,,0.092,1.648,0.292,92.757,2.4675,55.158,55.2495,22.391,,,Dec 3 BGSU Run 2R1.RUN,TNTP Dec 16 2025 BGSU Run 4 and RedosR1.RUN,,0.1183383992,0.03149349768
Two. Nov 2025,Sept02_BG_ODNR 1,9/2/2025,9/2/2025,ODNR 1,,,0.041,1.328,0.254,70.843,2.0395,45.519,45.56,22.339,,,Dec 3 BGSU Run 2R1.RUN,TNTP Dec 16 2025 BGSU Run 4 and RedosR1.RUN,,0.1245403285,0.03004828797
Two. Nov 2025,Sept02_BG_EC 1163,9/2/2025,9/2/2025,EC 1163,,,0.075,1.262,0.09,53.96,1.669,43.668,43.743,26.209,,,Dec 3 BGSU Run 2R1.RUN,TNTP Dec 16 2025 BGSU Run 4 and RedosR1.RUN,,0.05392450569,0.03056489038
Two. Nov 2025,Sept02_BG_Causeway,9/2/2025,9/2/2025,Causeway,,,0.878,1.381,0.052,59.267,2.1145,54.433,55.311,26.158,,,Dec 3 BGSU Run 2R1.RUN,TNTP Dec 16 2025 BGSU Run 4 and RedosR1.RUN,,0.02459210215,0.04084178554
Two. Nov 2025,Sept02_BG_Bells,9/2/2025,9/2/2025,Bells,,,1.924,2.084,0.108,23.67,1.1385,26.829,28.753,25.255,,,Dec 3 BGSU Run 2R1.RUN,TNTP Dec 16 2025 BGSU Run 4 and RedosR1.RUN,,0.09486166008,0.1393941502
Two. Nov 2025,Sept09_BG_Muddy Creek,9/9/2025,9/9/2025,Muddy Creek,,,0.174,3.834,1.114,168.116,6.5005,83.879,84.0525,12.930,,,Dec 3 BGSU Run 2R1.RUN,TNTP Dec 16 2025 BGSU Run 4 and RedosR1.RUN,,0.171371433,0.04768448291
Two. Nov 2025,Sept09_BG_ODNR 4,9/9/2025,9/9/2025,ODNR 4,,,1.643,2.167,0.694,152.892,3.739,68.774,70.4165,18.833,,,Dec 3 BGSU Run 2R1.RUN,TNTP Dec 16 2025 BGSU Run 4 and RedosR1.RUN,,0.185611126,0.05410663694
Two. Nov 2025,Sept09_BG_ODNR 6,9/9/2025,9/9/2025,ODNR 6,,,0.216,1.714,0.549,143.068,3.1305,66.806,67.0215,21.409,,,Dec 3 BGSU Run 2R1.RUN,TNTP Dec 16 2025 BGSU Run 4 and RedosR1.RUN,,0.1753713464,0.02879672941
Two. Nov 2025,Sept09_BG_Bridge,9/9/2025,9/9/2025,Bridge,,,1.216,1.74,0.387,116.83,2.853,62.521,63.7365,22.340,,,Dec 3 BGSU Run 2R1.RUN,TNTP Dec 16 2025 BGSU Run 4 and RedosR1.RUN,,0.1356466877,0.04637844877
Two. Nov 2025,Sept09_BG_ODNR 2,9/9/2025,9/9/2025,ODNR 2,,,1.684,0.86,0.35,99.641,2.4315,52.459,54.1425,22.267,,,Dec 3 BGSU Run 2R1.RUN,TNTP Dec 16 2025 BGSU Run 4 and RedosR1.RUN,,0.1439440674,0.04698711733
Two. Nov 2025,Sept09_BG_Buoy 2,9/9/2025,9/9/2025,Buoy 2,,,0,0.166,0.119,64.544,1.9595,45.693,45.6925,23.318,,,Dec 3 BGSU Run 2R1.RUN,TNTP Dec 16 2025 BGSU Run 4 and RedosR1.RUN,,0.060729778,0.003632981343
Two. Nov 2025,Sept09_BG_ODNR 1,9/9/2025,9/9/2025,ODNR 1,,,0,12.296,0.184,69.045,1.991,46.058,46.058,23.133,,,Dec 3 BGSU Run 2R1.RUN,TNTP Dec 16 2025 BGSU Run 4 and RedosR1.RUN,,0.09241587142,0.2669677363
Two. Nov 2025,Sept09_BG_EC 1163,9/9/2025,9/9/2025,EC 1163,,,0.033,43.085,0.175,43.09,1.5415,38.513,38.5455,25.005,,,Dec 3 BGSU Run 2R1.RUN,TNTP Dec 16 2025 BGSU Run 4 and RedosR1.RUN,,0.1135257866,1.118626039
Two. Nov 2025,Sept09_BG_Causeway,9/9/2025,9/9/2025,Causeway,,,0.013,1.286,0.073,57.218,1.883,49.197,49.2095,26.134,,,Dec 3 BGSU Run 2R1.RUN,TNTP Dec 16 2025 BGSU Run 4 and RedosR1.RUN,,0.03876792353,0.02639734198
Two. Nov 2025,Sept09_BG_Bells,9/9/2025,9/9/2025,Bells,,,2.839,1.588,0.224,31.127,1.078,26.171,29.01,26.911,,,Dec 3 BGSU Run 2R1.RUN,TNTP Dec 16 2025 BGSU Run 4 and RedosR1.RUN,,0.2077922078,0.1526025508
Two. Nov 2025,Sept16_BG_Muddy Creek,9/16/2025,9/16/2025,Muddy Creek,,,0,1.25,1.721,193.858,4.959,67.470,67.47,13.606,,,Dec 3 BGSU Run 2R1.RUN,TNTP Dec 18 2025 BGSU Run 5 and Redos.RUN,,0.3470457754,0.01852675263
Two. Nov 2025,Sept16_BG_ODNR 4,9/16/2025,9/16/2025,ODNR 4,,,0,0.781,0.435,200.599,3.547,77.444,77.444,21.834,,,Dec 3 BGSU Run 2R1.RUN,TNTP Dec 18 2025 BGSU Run 5 and Redos.RUN,,0.1226388497,0.01008470637
Two. Nov 2025,Sept16_BG_ODNR 6,9/16/2025,9/16/2025,ODNR 6,,,0.439,0,0.444,142.8,2.538,56.426,56.865,22.405,,,Dec 3 BGSU Run 2R1.RUN,TNTP Dec 18 2025 BGSU Run 5 and Redos.RUN,,0.1749408983,0.007720038688
Two. Nov 2025,Sept16_BG_Bridge,9/16/2025,9/16/2025,Bridge,,,0,1.141,0.387,151.85,2.566,58.220,58.22,22.689,,,Dec 3 BGSU Run 2R1.RUN,TNTP Dec 18 2025 BGSU Run 5 and Redos.RUN,,0.1508183944,0.01959807626
Two. Nov 2025,Sept16_BG_ODNR 2,9/16/2025,9/16/2025,ODNR 2,,,0.18,1.292,0.146,105.27,2.6995,71.192,71.372,26.439,,,Dec 3 BGSU Run 2R1.RUN,TNTP Dec 18 2025 BGSU Run 5 and Redos.RUN,,0.05408408965,0.02062433447
Two. Nov 2025,Sept16_BG_Buoy 2,9/16/2025,9/16/2025,Buoy 2,,,0.045,0.074,0.172,90.39,1.9685,47.501,47.5455,24.153,,,Dec 3 BGSU Run 2R1.RUN,TNTP Dec 18 2025 BGSU Run 5 and Redos.RUN,,0.08737617475,0.002502865676
Two. Nov 2025,Sept16_BG_ODNR 1,9/16/2025,9/16/2025,ODNR 1,,,0.028,1.171,0.218,77.304,1.8275,45.778,45.8055,25.065,,,Dec 3 BGSU Run 2R1.RUN,TNTP Dec 18 2025 BGSU Run 5 and Redos.RUN,,0.1192886457,0.02617589591
Two. Nov 2025,Sept16_BG_EC 1163,9/16/2025,9/16/2025,EC 1163,,,0,0,0.14,56.145,1.5665,40.685,40.6845,25.972,,,Dec 3 BGSU Run 2R1.RUN,TNTP Dec 18 2025 BGSU Run 5 and Redos.RUN,,0.0893712097,0
Two. Nov 2025,Sept16_BG_Causeway,9/16/2025,9/16/2025,Causeway,,,0,0.371,0.067,50.361,1.786,45.570,45.5695,25.515,,,Dec 3 BGSU Run 2R1.RUN,TNTP Dec 18 2025 BGSU Run 5 and Redos.RUN,,0.03751399776,0.008141410373
Two. Nov 2025,Jul31_BG_Swim Beach,7/31/2025,7/31/2025,Swim Beach,,,0.101,0.95,0.018,334.72,5.364,145.657,145.7575,27.173,,,Dec 3 BGSU Run3 and Redos.RUN,TNTP Dec 18 2025 BGSU Run 5 and Redos.RUN,,0.003355704698,0.007210606658
Two. Nov 2025,Jul31_BG_Inlet,7/31/2025,7/31/2025,Inlet,,,0.129,0.631,0.093,334.56,8.885,178.544,178.6725,20.109,,,Dec 3 BGSU Run3 and Redos.RUN,TNTP Dec 18 2025 BGSU Run 5 and Redos.RUN,,0.01046707935,0.004253592467
Two. Nov 2025,Jul31_BG_Outer Cove,7/31/2025,7/31/2025,Outer Cove,,,0.101,0.712,0.024,343.46,5.054,135.785,135.8855,26.887,,,Dec 3 BGSU Run3 and Redos.RUN,TNTP Dec 18 2025 BGSU Run 5 and Redos.RUN,,0.00474871389,0.005982978316
Two. Nov 2025,Jul31_BG_Center,7/31/2025,7/31/2025,Center,,,0.055,0.458,0.03,339.68,5.5795,145.524,145.5785,26.092,,,Dec 3 BGSU Run3 and Redos.RUN,TNTP Dec 18 2025 BGSU Run 5 and Redos.RUN,,0.00537682588,0.003523872
Two. Nov 2025,Aug14_BG_Swim Beach,8/14/2025,8/14/2025,Swim Beach,,,0.208,1.047,0.041,379.66,6.815,220.570,220.7775,32.396,,,Dec 3 BGSU Run3 and Redos.RUN,TNTP Dec 18 2025 BGSU Run 5 and Redos.RUN,,0.006016140866,0.00568445607
Two. Nov 2025,Aug14_BG_Inlet,8/14/2025,8/14/2025,Inlet,,,0.781,0.948,0.121,376.52,11.8775,279.941,280.7215,23.635,,,Dec 3 BGSU Run3 and Redos.RUN,TNTP Dec 18 2025 BGSU Run 5 and Redos.RUN,,0.01018732898,0.006159129244
Two. Nov 2025,Aug14_BG_Outer Cove,8/14/2025,8/14/2025,Outer Cove,,,0.732,2.385,0.168,366.86,11.915,337.188,337.9195,28.361,,,Dec 3 BGSU Run3 and Redos.RUN,TNTP Dec 18 2025 BGSU Run 5 and Redos.RUN,,0.01409987411,0.009224090353
Two. Nov 2025,Aug14_BG_Center,8/14/2025,8/14/2025,Center,,,0.172,0.8,0.172,353.37,17.2225,495.998,496.17,28.809,,,Dec 3 BGSU Run3 and Redos.RUN,TNTP Dec 18 2025 BGSU Run 5 and Redos.RUN,,0.009986935695,0.001959005986
Two. Nov 2025,Aug14_BG_Swim Beach Rope,8/14/2025,8/14/2025,Swim Beach Rope,,,0.003,1.191,0.423,380.43,7.499,243.828,243.831,32.515,,,Dec 3 BGSU Run3 and Redos.RUN,TNTP Dec 18 2025 BGSU Run 5 and Redos.RUN,,0.056407521,0.004896834283
Two. Nov 2025,Aug14_BG_Dock,8/14/2025,8/14/2025,Dock,,,0.542,1.147,0.165,389.24,8.4115,280.921,281.463,33.462,,,Dec 3 BGSU Run3 and Redos.RUN,TNTP Dec 18 2025 BGSU Run 5 and Redos.RUN,,0.0196160019,0.006000788736
Two. Nov 2025,Aug29_BG_Swim Beach,8/29/2025,8/29/2025,Swim Beach,,,0.02,0.919,0.043,430.44,8.9345,247.841,247.8605,27.742,,,Dec 3 BGSU Run3 and Redos.RUN,TNTP Dec 18 2025 BGSU Run 5 and Redos.RUN,,0.004812804298,0.00378842131
Two. Nov 2025,Aug29_BG_Inlet,8/29/2025,8/29/2025,Inlet,,,0.434,6.238,0.158,426.29,10.455,246.019,246.4525,23.573,,,Dec 3 BGSU Run3 and Redos.RUN,TNTP Dec 18 2025 BGSU Run 5 and Redos.RUN,,0.01511238642,0.02707215386
Two. Nov 2025,Aug29_BG_Outer Cove,8/29/2025,8/29/2025,Outer Cove,,,1.343,1.81,0.077,425.41,8.964,234.422,235.7645,26.301,,,Dec 3 BGSU Run3 and Redos.RUN,TNTP Dec 18 2025 BGSU Run 5 and Redos.RUN,,0.008589915216,0.01337351467
Two. Nov 2025,Aug29_BG_Center,8/29/2025,8/29/2025,Center,,,0.451,4.746,0.063,444.13,8.746,231.612,232.063,26.534,,,Dec 3 BGSU Run3 and Redos.RUN,TNTP Dec 18 2025 BGSU Run 5 and Redos.RUN,,0.007203292934,0.02239478073
Two. Nov 2025,Aug29_BG_Dock,8/29/2025,8/29/2025,Dock,,,0.67,1.963,0.114,431.57,17.5165,552.355,553.025,31.572,,,Dec 3 BGSU Run3 and Redos.RUN,TNTP Dec 18 2025 BGSU Run 5 and Redos.RUN,,0.006508149459,0.00476108675
Two. Nov 2025,Sept12_BG_Swim Beach,9/12/2025,9/12/2025,Swim Beach,,,0,7.713,0.112,409.58,8.975,222.173,222.1725,24.755,,,Dec 3 BGSU Run3 and Redos.RUN,TNTP Dec 18 2025 BGSU Run 5 and Redos.RUN,,0.01247910864,0.03471626776
Two. Nov 2025,Sept12_BG_Inlet,9/12/2025,9/12/2025,Inlet,,,0.263,2.316,0.159,417.84,10.7315,227.509,227.7715,21.225,,,Dec 3 BGSU Run3 and Redos.RUN,TNTP Dec 18 2025 BGSU Run 5 and Redos.RUN,,0.01481619531,0.01132275109
Two. Nov 2025,Sept12_BG_Outer Cove,9/12/2025,9/12/2025,Outer Cove,,,0.04,1.506,0.139,454.48,11.282,284.983,285.0225,25.263,,,Dec 3 BGSU Run3 and Redos.RUN,TNTP Dec 18 2025 BGSU Run 5 and Redos.RUN,,0.01232051055,0.005424133182
Two. Nov 2025,Sept12_BG_Center,9/12/2025,9/12/2025,Center,,,0,14.434,0.16,444.41,11.7635,289.125,289.125,24.578,,,Dec 3 BGSU Run3 and Redos.RUN,TNTP Dec 18 2025 BGSU Run 5 and Redos.RUN,,0.01360139414,0.04992304367
Two. Nov 2025,Sept26_BG_Swim Beach,9/26/2025,9/26/2025,Swim Beach,,,0.112,1.42,0.41,459.79,7.319,183.174,183.286,25.042,,,Dec 3 BGSU Run3 and Redos.RUN,TNTP Dec 18 2025 BGSU Run 5 and Redos.RUN,,0.05601858177,0.008358521655
Two. Nov 2025,Sept26_BG_Inlet,9/26/2025,9/26/2025,Inlet,,,0.363,9.514,1.703,523.98,13.9445,299.188,299.551,21.482,,,Dec 3 BGSU Run3 and Redos.RUN,TNTP Dec 18 2025 BGSU Run 5 and Redos.RUN,,0.1221270035,0.03297268245
Two. Nov 2025,Sept26_BG_Outer Cove,9/26/2025,9/26/2025,Outer Cove,,,0.067,1.012,0.803,445.58,10.812,233.573,233.6395,21.609,,,Dec 3 BGSU Run3 and Redos.RUN,TNTP Dec 18 2025 BGSU Run 5 and Redos.RUN,,0.07426933037,0.004618225942
Two. Nov 2025,Sept26_BG_Center,9/26/2025,9/26/2025,Center,,,0.033,1.138,0.736,420.73,9.534,214.372,214.405,22.488,,,Dec 3 BGSU Run3 and Redos.RUN,TNTP Dec 18 2025 BGSU Run 5 and Redos.RUN,,0.07719739878,0.005461626361
Two. Nov 2025,Sept26_BG_Dock,9/26/2025,9/26/2025,Dock,,,0.193,1.259,0.52,421.78,8.372,195.017,195.21,23.317,,,Dec 3 BGSU Run3 and Redos.RUN,TNTP Dec 18 2025 BGSU Run 5 and Redos.RUN,,0.06211180124,0.007438143538
Two. Nov 2025,Oct13_BG_Swim Beach,10/13/2025,10/13/2025,Swim Beach,,,0.106,2.257,0.077,437.37,8.1695,200.738,200.8435,24.585,,,Dec 3 BGSU Run3 and Redos.RUN,TNTP Dec 18 2025 BGSU Run 5 and Redos.RUN,,0.009425301426,0.01176537951
Two. Nov 2025,Oct13_BG_Inlet,10/13/2025,10/13/2025,Inlet,,,0,1.145,0.368,408.09,8.3925,201.295,201.2945,23.985,,,Dec 3 BGSU Run3 and Redos.RUN,TNTP Dec 18 2025 BGSU Run 5 and Redos.RUN,,0.04384867441,0.005688183234
Two. Nov 2025,Oct13_BG_Outer Cove,10/13/2025,10/13/2025,Outer Cove,,,0,0.959,0.121,442.28,8.63,212.535,212.5345,24.627,,,Dec 3 BGSU Run3 and Redos.RUN,TNTP Dec 18 2025 BGSU Run 5 and Redos.RUN,,0.01402085747,0.004512208606
Two. Nov 2025,Oct13_BG_Center,10/13/2025,10/13/2025,Center,,,0.044,3.698,0.06,452.43,8.106,205.896,205.9395,25.406,,,Dec 3 BGSU Run3 and Redos.RUN,TNTP Dec 18 2025 BGSU Run 5 and Redos.RUN,,0.0074019245,0.01817038499
Two. Nov 2025,Oct24_BG_Swim Beach,10/24/2025,10/24/2025,Swim Beach,,,0.116,1.196,0.051,424.76,7.514,192.123,192.239,25.584,,,Dec 3 BGSU Run3 and Redos.RUN,TNTP Dec 18 2025 BGSU Run 5 and Redos.RUN,,0.006787330317,0.006824837832
Two. Nov 2025,Oct24_BG_Inlet,10/24/2025,10/24/2025,Inlet,,,0.167,1.548,0.118,400.4,7.3265,183.954,184.1205,25.131,,,Dec 3 BGSU Run3 and Redos.RUN,TNTP Dec 18 2025 BGSU Run 5 and Redos.RUN,,0.01610591688,0.009314552155
Two. Nov 2025,Oct24_BG_Outer Cove,10/24/2025,10/24/2025,Outer Cove,,,0.415,1.267,0.264,420.13,7.7645,198.754,199.169,25.651,,,Dec 3 BGSU Run3 and Redos.RUN,TNTP Dec 18 2025 BGSU Run 5 and Redos.RUN,,0.03400090154,0.008445089346
Two. Nov 2025,Oct24_BG_Center,10/24/2025,10/24/2025,Center,,,1.162,1.121,0.068,426.61,7.312,192.659,193.8205,26.507,,,Dec 3 BGSU Run3 and Redos.RUN,TNTP Dec 18 2025 BGSU Run 5 and Redos.RUN,,0.009299781182,0.01177893979