"Please fill in unsampled values with NA only! Put information about lost, not sampled, skipped, etc. in the notes in the last column, thanks! ",,10 Sample dates,,,units:,See table,See table,(ft),(˚C),(m/s),,(cm),(cm),(m),(m),,(mL),(24hrs),(24hrs),(°C),(mmHg),(%),(mg/L),(uS/cm),(uS/cm),(uS/cm),(mg/L),(PSU),(pH),(mV),(NTU),(mg/L),(RFU),(µg/L),(RFU),(µg/L),# of reps,# of reps,Y/N,Y/N,"No, 1, 2, 3 freeze, or ready",Y/N,
Site,Date,latitude,longitude,DOY,Time on site,weather,cloud cover,Wave Height est,Air Temp.,Wind Speed,Wind direction,secchi1,secchi2,sample depth,Site Depth from Boat,Number of Sterivex taken,"Volume of sterivex. Input (#,#) if different between reps.",Time fInished site,Sonde_Time,°C-19D104366,mmHg-19G101790,DO %-17C105036,DO mg/L-17C105036,SPC-uS/cm-19D104366,C-uS/cm-19D104366,nLFC-uS/cm-19D104366,TDS mg/L-19D104366,SAL-PSU-19D104366,pH-17C104424,pH mV-17C104424,NTU-15D102653,TSS mg/L-15D102653,PhycocyanIn RFU-15B101563,PhycocyanIn ug/L-15B101563,Chlorophyll RFU-15B101563,Chlorophyll ug/L-15B101563,Total nutrients,Dissolved nutrients,Total toxIns,Dissolved toxIns,"no, 1, 2, 3 freeze, or ready",ToxIns Ran,Notes
Muddy Creek,6/3/25,41.4561,-83.0071,154,9:52,2,50%,0-1,20,5,SSW,25,25,1,1,3,100,10:15,9:52,18.919,746.6,143.8,13.35,526,464.9,531.5,342,0.25,8.89,-158,34.42,0,3.19,2.74,26.34,92.34,2,2,Y,Y,ready,Y,
ODNR_4,6/3/25,41.4533,-82.9608,154,10:20,2,50%,0,21,5,SSW,25,25,1,1.6,3,100,10:40,10:20,19.077,746.6,157.8,14.6,460.7,408.6,465.4,299,0.22,9.18,-173.3,30.08,0,3.03,2.62,26.88,94.21,2,2,Y,Y,ready,Y,
ODNR_6,6/3/25,41.4573,-82.8987,154,10:44,2,50%,0-1,21,5,SSW,35,35,1,2.1,3,100,11:05,10:44,18.898,746.3,163.8,15.21,427.7,377.8,432.2,278,0.21,9.29,-179,19.35,0,2.17,1.96,18.28,64.29,2,2,Y,Y,ready,Y,
Bridge,6/3/25,41.4802,-82.8343,154,11:08,2,50%,1-2,22,5,SSW,,,1,3.8,3,100,11:20,11:08,19.35,746.5,122.3,11.25,436.8,389.7,441.1,284,0.21,9.1,-169.3,35.43,0,1.24,1.25,9.55,33.91,2,2,Y,Y,ready,Y,
ODNR_2,6/3/25,41.4798,-82.7829,154,11:34,2,50%,1-2,22,5,SSW,30,30,1,2.4,3,100,11:50,11:34,18.835,745.9,112.1,10.42,432.9,381.9,437.5,281,0.21,9.11,-169.6,22.81,0,0.65,0.79,4.64,16.81,2,2,Y,Y,ready,Y,
Buoy_2,6/3/25,41.4632,-82.769,154,11:54,2,50%,1-3,22,5,SSW,30,30,1,2.6,2,100,12:15,11:54,18.535,746.1,107.2,10.02,461.2,404.3,466.3,300,0.22,8.98,-162.8,17.45,0,0.84,0.94,5.13,18.53,2,2,Y,Y,ready,Y,
ODNR_1,6/3/25,41.4774,-82.7398,154,12:12,2,50%,1-3,22,5,SSW,50,40,1,2.8,3,100,12:33,12:12,18.348,745.9,107.4,10.08,438,382.3,442.9,285,0.21,9.05,-166.2,14.85,0,0.69,0.82,6.23,22.34,2,2,Y,Y,ready,Y,
EC_1163,6/3/25,41.469,-82.715,154,12:36,2,50%,1-3,22,5,SSW,45,45,1,3.4,3,100,12:55,12:36,18.217,745.8,120.9,11.39,353.6,307.8,357.6,230,0.17,9.13,-170.5,13.26,0,0.68,0.81,8.66,30.81,2,2,Y,Y,ready,Y,
Causeway,6/3/25,41.4597,-82.676,154,12:55,2,50%,1-2,23,5,SSW,50,50,1,1.1,2,100,13:10,12:55,19.499,745.4,106.3,9.76,386.5,345.9,390.2,251,0.19,9.03,-165.8,8.22,0,0.75,0.87,3.95,14.42,2,2,Y,Y,ready,Y,
Bells,6/3/25,41.5117,-82.658,154,13:19,2,50%,1-2,23,5,SSW,70,70,1,9.6,2,150,13:35,13:19,17.976,745.4,118.3,11.19,317.8,275.1,321.5,207,0.15,8.96,-161.4,4.66,0,0.28,0.51,7.25,25.89,2,2,Y,Y,ready,Y,
Muddy Creek,6/10/25,41.4561,-83.0071,161,9:55,2,50%,1-2,19,5,WSW,35,30,1,1,3,100,10:01,9:55,21.594,742.2,108.7,9.56,633.6,592.4,637.6,412,0.31,8.5,-138.1,144.42,0,2.14,1.93,12.9,45.55,2,2,Y,N,ready,Y,"Muddy creek dissolved toxIns taken, vial broke and spilled before analysis"
ODNR_4,6/10/25,41.4533,-82.9608,161,10:17,2,50%,1-3,19,4,W,25,20,1,1.5,3,100,10:24,10:17,21.352,742.4,89.4,7.91,458.4,426.5,461.5,298,0.22,8.79,-153.4,38.38,0,1.16,1.19,5.39,19.42,2,2,Y,Y,ready,Y,
ODNR_6,6/10/25,41.4573,-82.8987,161,10:36,2,50%,3-4,20,5,W,25,20,1,2,3,100,10:46,10:36,21.22,742.3,101.1,8.96,449.7,417.2,452.8,292,0.22,8.91,-159.6,35.17,0,1.99,1.82,6.05,21.74,2,2,Y,Y,ready,Y,"Van dorn lost, surface samples from here forward"
Bridge,6/10/25,41.4802,-82.8343,161,11:03,2,50%,3-4,20,6,W,,,Surface,3,3,100,11:06,11:03,21.446,742.3,92.6,8.17,434,404.6,436.8,282,0.21,8.8,-153.9,31.37,0,1.78,1.66,7.93,28.27,2,2,Y,Y,ready,Y,surface sample
ODNR_2,6/10/25,41.4798,-82.7829,161,12:30,2,50%,1-3,21,7,WSW,30,25,Surface,2.3,3,100,12:35,12:30,NA,742.7,89.2,7.9,NA,NA,NA,NA,NA,8.61,-143.6,NA,NA,NA,NA,NA,NA,2,2,Y,Y,ready,Y,surface sample. Some data was noted recorded by the SONAE at site.
Buoy_2,6/10/25,41.4632,-82.769,161,12:41,2,50%,1-3,21,7,WSW,40,40,Surface,2.6,2,100,12:45,12:41,21.166,742.7,89.3,7.93,429.5,398.1,432.5,279,0.21,8.48,-137.1,16.96,0,0.15,0.41,1.71,6.61,2,2,Y,Y,ready,Y,surface sample
ODNR_1,6/10/25,41.4774,-82.7398,161,12:53,2,50%,1-3,21,6,W,30,30,surface,2.9,3,100,12:59,12:53,21.06,742.8,89.8,7.98,413.4,382.2,416.3,269,0.2,8.44,-134.8,15.45,0,0.12,0.39,1.74,6.73,2,2,Y,Y,ready,Y,surface sample
EC_1163,6/10/25,41.469,-82.715,161,13:09,2,50%,1-3,21,6,W,40,30,surface,3.3,3,100,13:14,13:09,21.323,742.9,86.5,7.66,440,409.1,443,286,0.21,8.39,-132,22.46,0,0.3,0.52,2.52,9.46,2,2,Y,Y,ready,Y,surface sample
Causeway,6/10/25,41.4597,-82.676,161,13:24,2,50%,1-3,22,7,W,40,40,surface,1.1,2,100,13:30,13:24,21.405,742.8,95.2,8.41,378.3,352.3,380.8,246,0.18,8.44,-134.8,37.15,0,0.49,0.67,3.41,12.55,2,2,Y,Y,ready,Y,surface sample
Bells,6/10/25,41.5117,-82.658,161,NA,NA,NA,NA,NA,NA,NA,NA,NA,NA,NA,NA,NA,NA,NA,NA,NA,NA,NA,NA,NA,NA,NA,NA,NA,NA,NA,NA,NA,NA,NA,NA,NA,NA,NA,NA,NA,NA,NA
Muddy Creek,6/17/25,41.4561,-83.0071,168,9:30,4,90%,0-1,23,1,SSE,15,15,1,1,2,100,9:41,9:30,22.865,742.1,93.2,8,617.5,592.3,620,401,0.3,8.2,-122.5,54.58,0,2.67,2.34,13.81,48.72,2,2,Y,Y,Not ready,Y,"SONAE did not record time, approximated with on-site time"
ODNR_4,6/17/25,41.4533,-82.9608,168,9:50,4,90%,0-1,24,4,WSW,20,20,1,1.6,3,100,10:03,9:50,22.088,742.1,91.7,7.99,475.1,448.7,477.7,309,0.23,8.45,-135.7,31.75,0,0.94,1.01,4.83,17.48,2,2,Y,Y,Not ready,Y,"SONAE did not record time, approximated with on-site time"
ODNR_6,6/17/25,41.4573,-82.8987,168,10:10,4,90%,1-2,24,4,WSW,30,30,1,2.1,3,100,10:24,10:10,21.751,742,103.6,9.09,443,415.5,445.7,288,0.21,8.78,-152.9,21.96,0,1.75,1.63,5.92,21.28,2,2,Y,Y,Not ready,Y,"SONAE did not record time, approximated with on-site time. No anchor, some soNAe drift"
Bridge,6/17/25,41.4802,-82.8343,168,10:32,3,80%,1-2,25,4,WSW,,,1,3.6,3,100,10:42,10:32,21.899,742,99.6,8.72,458.6,431.5,461.3,298,0.22,8.58,-142.2,19.71,0,0.9,0.98,4.58,16.62,2,2,Y,Y,Not ready,Y,"SONAE did not record time, approximated with on-site time"
ODNR_2,6/17/25,41.4798,-82.7829,168,10:51,3,80%,1-2,25,4,WSW,50,50,1,2.3,3,100,11:04,10:51,21.744,742,96.2,8.44,448.8,420.9,451.5,292,0.22,8.47,-136.4,10.94,0,0.34,0.56,2.57,9.63,2,2,Y,Y,Not ready,Y,"SONAE did not record time, approximated with on-site time"
Buoy_2,6/17/25,41.4632,-82.769,168,11:07,3,80%,1-2,25,4,WSW,50,50,1,2.6,2,100,11:17,11:07,21.616,742.1,94.7,8.33,444.4,415.6,447.1,289,0.21,8.38,-131.6,10.33,0,0.24,0.47,2.27,8.57,2,2,Y,Y,Not ready,Y,"SONAE did not record time, approximated with on-site time"
ODNR_1,6/17/25,41.4774,-82.7398,168,11:21,4,90%,1-2,26,5,SW,50,60,1,2.9,3,100,11:31,11:21,21.479,742.2,91.9,8.11,404.1,376.9,406.7,263,0.19,8.32,-128.2,9.04,0,-0.01,0.28,1.62,6.32,2,2,Y,Y,Not ready,Y,"SONAE did not record time, approximated with on-site time"
EC_1163,6/17/25,41.469,-82.715,168,11:36,4,90%,1-2,26,2,SW,50,50,1,3.4,3,100,11:47,11:36,21.425,742.3,91.1,8.05,417.9,389.3,420.6,272,0.2,8.3,-127.3,8.06,0,0.24,0.48,2.12,8.07,2,2,Y,Y,Not ready,Y,"SONAE did not record time, approximated with on-site time"
Causeway,6/17/25,41.4597,-82.676,168,11:52,4,90%,0-1,25,4,WSW,35,40,1,1.2,2,100,12:01,11:52,21.837,742.3,90.3,7.91,413.4,388.4,415.8,269,0.2,8.38,-131.9,8.64,0,0.87,0.96,4.22,15.36,2,2,Y,Y,Not ready,Y,"SONAE did not record time, approximated with on-site time"
Bells,6/17/25,41.5117,-82.658,168,12:12,4,90%,1-2,25,4,WSW,150,140,1,9.5,2,100,12:45,12:12,21.259,742.3,87.8,7.78,322.1,299,324.3,209,0.15,8.24,-124.3,1.12,0,-0.39,-0.01,0.1,1.04,2,2,Y,Y,Not ready,Y,"SONAE did not record time, approximated with on-site time"
Muddy Creek,6/24/25,41.4561,-83.0071,175,9:45,0,0%,0-1,29,4,WSW,10,10,1,1,3,100,9:56,9:45,27.528,749.7,72.4,5.71,430.6,451.4,428.4,280,0.2,7.8,-101.5,80.76,0,0.49,0.67,6.09,21.85,2,2,Y,Y,Not ready,Y,
ODNR_4,6/24/25,41.4533,-82.9608,175,10:07,0,0%,0-1,30,4,WSW,25,25,1,1.5,3,100,10:15,10:07,27.267,749.7,92.3,7.31,486,507.1,483.8,316,0.23,8.66,-148.1,24.36,0,0.44,0.63,4.89,17.7,2,2,Y,Y,Not ready,Y,soNAe issue
ODNR_6,6/24/25,41.4573,-82.8987,175,10:25,0,0%,0-1,30,4,WSW,40,35,1,2.1,3,100,10:29,10:25,NA,749.6,NA,NA,NA,NA,NA,NA,NA,NA,NA,NA,NA,NA,NA,NA,NA,2,2,Y,Y,Not ready,Y,
Bridge,6/24/25,41.4802,-82.8343,175,10:46,0,0%,0-1,30,4,WSW,,,1,3.7,3,100,10:49,10:46,28.027,749.9,101.1,7.9,481.8,509.7,478.8,313,0.23,8.79,-155.7,16.87,0,0.95,1.03,3.89,14.21,2,2,Y,Y,Not ready,Y,
ODNR_2,6/24/25,41.4798,-82.7829,175,11:28,0,0%,0-1,31,4,WSW,80,80,1,2.3,3,100,11:32,11:28,NA,749.9,NA,NA,NA,NA,NA,NA,NA,NA,NA,NA,NA,NA,NA,NA,NA,2,2,Y,Y,Not ready,Y,
Buoy_2,6/24/25,41.4632,-82.769,175,11:40,0,0%,0-1,31,4,WSW,170,170,1,2.6,2,100,11:46,11:40,NA,749.9,NA,NA,NA,NA,NA,NA,NA,NA,NA,NA,NA,NA,NA,NA,NA,2,2,Y,Y,Not ready,Y,
ODNR_1,6/24/25,41.4774,-82.7398,175,11:53,0,0%,0-1,31,4,WSW,90,90,1,2.9,3,100,12:00,11:53,27.01,749.9,149,11.85,436.6,453.3,434.8,284,0.21,9.36,-186.3,2.14,0,0.37,0.58,3.94,14.38,2,2,Y,Y,Not ready,Y,
EC_1163,6/24/25,41.469,-82.715,175,12:07,0,0%,0-1,31,4,WSW,70,70,1,3.2,3,100,12:14,12:07,27.266,750,153.4,12.15,427.7,446.2,425.7,278,0.2,9.35,-186,3.93,0,1,1.06,4.46,16.21,2,2,Y,Y,Not ready,Y,
Causeway,6/24/25,41.4597,-82.676,175,12:20,0,20%,0-1,31,4,WSW,70,70,1,1.2,2,100,12:32,12:20,NA,750,NA,NA,NA,NA,NA,NA,NA,NA,NA,NA,NA,NA,NA,NA,NA,2,2,Y,Y,Not ready,Y,
Bells,6/24/25,41.5117,-82.658,175,12:40,0,20%,0-1,31,4,WSW,270,270,1,9.5,2,100,12:50,12:40,NA,749.8,NA,NA,NA,NA,NA,NA,NA,NA,NA,NA,NA,NA,NA,NA,NA,2,2,Y,Y,Not ready,Y,
Muddy Creek,7/1/25,41.4561,-83.0071,182,9:45,4,90%,0-1,24,1,SW,20,15,1,1,3,100,10:00,9:45,27.191,742.2,69.8,5.54,580.3,604.6,577.7,377,0.28,8.22,-124.4,42.66,0,0.37,0.58,4.06,14.8,2,2,Y,Y,Not ready,N,
ODNR_4,7/1/25,41.4533,-82.9608,182,10:10,4,90%,0-1,24,2,WSW,30,30,1,1.5,3,100,10:20,10:10,27.359,742,108.3,8.56,457.6,478.3,455.4,297,0.22,9.08,-171.3,18.8,0,2.69,2.36,7.9,28.18,2,2,Y,Y,Not ready,N,"Did not anchor, probe drift"
ODNR_6,7/1/25,41.4573,-82.8987,182,10:29,4,80%,0-1,24,1,SW,35,35,1,2,3,100,10:40,10:29,27.55,742,99.6,7.85,426.4,447.2,424.2,277,0.2,8.9,-161.3,14.17,0,3.21,2.76,4.24,15.44,2,2,Y,Y,Not ready,N,
Bridge,7/1/25,41.4802,-82.8343,182,10:45,4,80%,0-1,25,1,SW,,,1,3.7,3,100,10:57,10:45,27.572,742,93.5,7.37,472.4,495.6,469.9,307,0.23,8.82,-156.9,22.14,0,3.64,3.09,6.99,24.99,2,2,Y,Y,Not ready,N,
ODNR_2,7/1/25,41.4798,-82.7829,182,11:50,3,60%,0-1,26,1,SW,50,45,1,2.3,3,100,12:05,11:50,27.458,742,120.5,9.51,403.6,422.5,401.6,262,0.19,9.27,-181.7,12.78,0,2.65,2.33,3.34,12.29,2,2,Y,Y,Not ready,N,"Did not anchor, probe drift"
Buoy_2,7/1/25,41.4632,-82.769,182,12:12,3,50%,0-1,26,2,SW,50,50,1,2.6,3,100,12:28,12:12,27.306,742.2,121,9.58,383.6,400.5,381.8,249,0.18,9.27,-181.5,12.51,0,1.88,1.74,2.15,8.14,2,2,Y,Y,Not ready,N,
ODNR_1,7/1/25,41.4774,-82.7398,182,12:34,3,50%,1-2,28,2,SW,45,50,1,2.9,3,100,12:47,12:34,27.543,742.3,119.3,9.41,386.2,405,384.2,251,0.18,9.46,-191.6,90.19,0,2.62,2.31,2.21,8.37,2,2,Y,Y,Not ready,N,
EC_1163,7/1/25,41.469,-82.715,182,12:56,3,60%,1-2,28,2,SW,40,35,1,3.3,3,"100,100,170",13:10,12:56,27.38,742,120,9.48,423.4,442.6,421.3,275,0.2,9.34,-185.3,10.72,0,2.24,2.01,3.78,13.83,2,2,Y,Y,Not ready,N,
Causeway,7/1/25,41.4597,-82.676,182,13:17,2,40%,0-1,28,3,WSW,40,35,1,1.2,2,100,13:27,13:17,27.571,742,120.3,9.48,368,386,366,239,0.17,9.3,-183.4,9.76,0,1.91,1.76,5.67,20.4,2,2,Y,Y,Not ready,N,
Bells,7/1/25,41.5117,-82.658,182,13:42,2,30%,1-2,29,3,W,200,200,1,9.6,2,250,14:15,13:42,25.995,741.8,106.5,8.63,292.8,298.4,292.2,190,0.14,9.39,-187.2,-3.2,0,-0.31,0.06,0.25,1.54,2,2,Y,Y,Not ready,N,
Muddy Creek,7/8/25,41.4561,-83.0071,189,9:29,3,60%,0-1,22,1,WNW,20,20,1,1,2,100,9:44,9:29,26.367,747.9,81.2,6.53,571,585.9,569.4,371,0.27,8.4,-134,70.84,0,1.38,1.35,12.6,44.52,2,2,Y,Y,Not ready,N,
ODNR_4,7/8/25,41.4533,-82.9608,189,9:50,3,60%,0-1,23,1,WNW,25,25,1,1.5,3,100,10:03,9:50,26.537,748,108.1,8.68,413.5,425.7,412.3,269,0.2,9.26,-180.6,19.47,0,6.39,5.2,13.61,48.02,2,2,Y,Y,Not ready,N,
ODNR_6,7/8/25,41.4573,-82.8987,189,10:10,3,70%,0-1,23,1,WNW,35,30,1,2.1,5,100,10:27,10:10,26.846,748,118.4,9.45,418.5,433.3,416.9,272,0.2,9.34,-185.2,19.77,0,10.64,8.46,9.65,34.26,2,2,Y,Y,Not ready,N,
Bridge,7/8/25,41.4802,-82.8343,189,10:36,3,60%,0-1,23,1,NW,,,1,3.8,3,100,10:59,10:36,27.119,748.1,106.4,8.45,413.3,430,411.5,269,0.2,9.01,-167.3,32.5,0,11.29,8.97,5.37,19.37,2,2,Y,Y,Not ready,N,
ODNR_2,7/8/25,41.4798,-82.7829,189,11:04,3,40%,0-1,24,1,NW,30,25,1,2.4,6,100,11:15,11:04,NA,747.8,NA,NA,NA,NA,NA,NA,NA,NA,NA,NA,NA,NA,NA,NA,NA,2,2,Y,Y,Not ready,N,
Buoy_2,7/8/25,41.4632,-82.769,189,11:18,3,40%,0-1,23,1,NNW,30,30,1,2.7,2,100,11:26,11:18,26.673,747.9,93.4,7.48,353.2,364.5,352,230,0.17,9.1,-171.9,9.72,0,2.63,2.31,2.22,8.4,2,2,Y,Y,Not ready,N,
ODNR_1,7/8/25,41.4774,-82.7398,189,11:32,3,40%,0-1,23,3,NNW,40,40,1,2.8,4,100,11:42,11:32,26.533,748,93.5,7.51,345.9,356.1,344.9,225,0.16,9.09,-171.6,14.02,0,3.1,2.67,2.01,7.66,2,2,Y,Y,Not ready,N,
EC_1163,7/8/25,41.469,-82.715,189,11:47,3,40%,0-1,24,2,NNW,NA,NA,1,3.4,3,100,11:59,11:47,26.996,748,109.2,8.69,389,403.9,387.5,253,0.18,9.27,-181.6,19.33,0,6.19,5.05,3.57,13.1,2,2,Y,Y,Not ready,N,
Causeway,7/8/25,41.4597,-82.676,189,12:03,3,50%,0-1,24,1,NNW,40,35,1,1.1,4,100,12:12,12:03,26.507,748,114.2,9.17,351.4,361.5,350.3,228,0.17,9.2,-177.4,11.64,0,4.15,3.48,6.67,23.88,2,2,Y,Y,Not ready,N,
Bells,7/8/25,41.5117,-82.658,189,12:32,2,10%,1-3,25,1,N,200,200,1,9.1,2,100,12:48,12:32,26.01,747.8,99.6,8.07,284.2,289.7,283.6,185,0.13,9.18,-176.2,-4.01,0,-0.42,-0.03,0.14,1.16,2,2,Y,Y,Not ready,N,
Muddy Creek,7/15/25,41.4561,-83.0071,196,9:40,1,20%,0-1,24,0,SW,15,15,1,1,2,100,9:52,9:40,27.889,748,135.2,10.59,499.1,526.6,496.1,324,0.24,8.25,-126.4,139.71,0,4.07,3.42,20.41,71.7,2,2,Y,Y,Not ready,N,
ODNR_4,7/15/25,41.4533,-82.9608,196,10:10,1,20%,0-1,25,0,SW,NA-not sampled,NA-not sampled,1,1.5,3,75,10:20,10:10,27.703,747.9,122.8,9.66,413.5,434.8,411.2,269,0.2,9.41,-189.1,24.53,0,7.53,6.08,17.35,61.06,2,2,Y,Y,Not ready,N,
ODNR_6,7/15/25,41.4573,-82.8987,196,10:25,1,20%,0-1,28,1,SSW,NA-not sampled,NA-not sampled,1,2,7,100,10:45,10:25,27.794,748,122.5,9.62,368.7,388.4,366.6,240,0.17,9.67,-203.6,18.86,0,10.2,8.13,9.52,33.81,2,2,Y,Y,Not ready,N,
Bridge,7/15/25,41.4802,-82.8343,196,10:53,1,20%,0-1,26,2,NNW,,,1,3.6,3,100,11:02,10:53,28.106,747.8,78.1,6.09,388.9,412,386.5,253,0.18,8.95,-164.2,32.63,0,6.02,4.91,7.62,27.2,2,2,Y,Y,Not ready,N,
ODNR_2,7/15/25,41.4798,-82.7829,196,11:18,1,20%,0-1,28,1,SW,NA-not sampled,NA-not sampled,1,2.4,7,100,11:30,11:18,27.722,747.9,125.1,9.83,379.8,399.6,377.7,247,0.18,9.19,-177.3,8.63,0,2.88,2.5,5.63,20.26,2,2,Y,Y,Not ready,N,
Buoy_2,7/15/25,41.4632,-82.769,196,11:33,1,20%,0-1,27,3,N,NA-not sampled,NA-not sampled,1,2.6,2,100,11:42,11:33,27.502,748,139.6,11.02,357.8,374.9,355.9,233,0.17,9.4,-188.7,7.41,0,2.76,2.41,5.97,21.46,2,2,Y,Y,Not ready,N,
ODNR_1,7/15/25,41.4774,-82.7398,196,11:45,1,20%,0-1,27,3,N,NA-not sampled,NA-not sampled,1,2.9,3,100,11:56,11:45,27.019,747.9,132.6,10.55,356.9,370.6,355.4,232,0.17,9.53,-195.6,9.03,0,3.96,3.33,5.23,18.86,2,2,Y,Y,Not ready,N,
EC_1163,7/15/25,41.469,-82.715,196,12:01,1,20%,0-1,29,1,NNW,NA-not sampled,NA-not sampled,1,3.4,3,100,12:11,12:01,26.334,747.7,133.3,10.74,329.9,338.3,329,214,0.16,9.4,-188.3,7.81,0,3.01,2.6,4.37,15.89,2,2,Y,Y,Not ready,N,
Causeway,7/15/25,41.4597,-82.676,196,12:19,1,20%,0-1,29,1,N,NA-not sampled,NA-not sampled,1,1.1,5,100,12:29,12:19,27.208,747.7,118.6,9.41,339.5,353.8,338,221,0.16,9.17,-176.1,20.26,0,3.54,3.01,7.68,27.42,2,2,Y,Y,Not ready,N,
Bells,7/15/25,41.5117,-82.658,196,12:42,1,20%,0-1,30,3,SW,NA-not sampled,NA-not sampled,1,9.4,2,300,12:58,12:42,26.817,747.5,111.5,8.91,282.1,291.9,281,183,0.13,9.3,-183,-3.92,0,-0.43,-0.04,0.35,1.88,2,2,Y,Y,Not ready,N,
Muddy Creek,7/22/25,41.4561,-83.0071,203,9:49,1,20%,0-1,22,1,NE,15,15,1,1,2,100,10:22,9:49,22.417,749,87.7,7.6,457.7,435.1,459.9,297,0.22,8.4,-132.8,100.69,0,2.27,2.04,14.37,50.68,2,2,Y,Y,Not ready,N,
ODNR_4,7/22/25,41.4533,-82.9608,203,10:32,1,20%,0-1,23,2,ENE,30,30,1,1.5,3,75,10:50,10:32,24.384,748.9,98.9,8.26,432.2,427.1,432.7,281,0.21,9.41,-188,23.99,0,8.84,7.09,16.4,57.75,2,2,Y,Y,Not ready,N,
ODNR_6,7/22/25,41.4573,-82.8987,203,10:54,1,20%,0-1,23,1,ENE,25,25,1,2.1,5,75,11:14,10:54,NA,748.9,117.4,9.76,NA,NA,NA,NA,NA,9.81,-209.3,NA,NA,NA,NA,NA,NA,2,2,Y,Y,Not ready,N,Sonde malfunction
Bridge,7/22/25,41.4802,-82.8343,203,11:22,1,20%,0-1,24,1,ENE,,,1,3.7,3,75,11:36,11:22,NA,748.8,NA,NA,NA,NA,NA,NA,NA,NA,NA,NA,NA,NA,NA,NA,NA,2,2,Y,Y,Not ready,N,Sonde malfunction
ODNR_2,7/22/25,41.4798,-82.7829,203,12:20,1,20%,0-1,24,3,N,45,45,1,2.3,5,"100, 100, 100, 75, 100",12:41,12:20,25.558,749,133.1,10.88,367.4,371.3,367,239,0.17,9.87,-213,7.33,0,2.95,2.56,5.69,20.48,2,2,Y,Y,Not ready,N,
Buoy_2,7/22/25,41.4632,-82.769,203,12:44,1,20%,1-2,24,2,NE,45,50,1,2.6,3,150,13:04,12:44,24.946,749,104.6,8.64,352.1,351.7,352.1,229,0.17,9.2,-177,10.08,0,1.93,1.77,4.47,16.21,2,2,Y,Y,Not ready,N,
ODNR_1,7/22/25,41.4774,-82.7398,203,13:07,1,20%,1-2,25,3,NE,55,55,1,2.9,3,150,13:24,13:07,NA,748.9,115.4,9.6,NA,NA,NA,NA,NA,9.18,-175.7,,NA,NA,NA,NA,NA,2,2,Y,Y,Not ready,N,Sonde malfunction
EC_1163,7/22/25,41.469,-82.715,203,13:30,1,10%,1-2,23,2,NE,75,80,1,3.4,3,150,13:48,13:30,24.782,748.9,131.5,10.9,297,295.8,297.2,193,0.14,9.24,-178.6,1.95,0,1.41,1.37,4.31,15.66,2,2,Y,Y,Not ready,N,
Causeway,7/22/25,41.4597,-82.676,203,13:53,1,10%,0-1,24,2,NE,45,45,1,1.1,4,100,14:10,13:53,23.913,749.1,119.4,10.06,321.7,315,322.4,209,0.15,9.21,-176.6,18.33,0,2.86,2.49,7.26,25.93,2,2,Y,Y,Not ready,N,
Bells,7/22/25,41.5117,-82.658,203,14:24,1,10%,1-3,24,4,NE,160,170,1,9.4,2,200,14:53,14:24,25.896,748.9,122.6,9.96,281.8,286.6,281.3,183,0.13,9.15,-174.4,-2.55,0,0.08,0.35,2.32,8.75,2,2,Y,Y,Not ready,N,
Muddy Creek,7/29/25,41.4561,-83.0071,210,9:40,3,80%,0-1,24,1,NW,10,10,1,1,3,"75, 100",9:58,9:59,28.06,770.4,59.3,4.86,383,406,NA,NA,0.18,8.43,-94.1,NA,192,,,,,2,2,Y,Y,,,
ODNR_4,7/29/25,41.4533,-82.9608,210,10:11,3,80%,0-1,26,1,N,15,15,1,1.5,3,"75, 100",10:22,10:15,28.23,771.3,68.3,5.6,390,414,NA,NA,0.18,9.15,-134.6,NA,195,,,,,2,2,Y,Y,,,
ODNR_6,7/29/25,41.4573,-82.8987,210,10:34,3,90%,0-1,27,4,NNW,20,20,1,2,5,100,10:44,10:37,28.18,771.7,69.9,5.74,360,392,NA,NA,0.17,9.52,-156.1,NA,180,,,,,2,2,Y,Y,,,
Bridge,7/29/25,41.4802,-82.8343,210,10:50,4,100%,0-1,26,5,NNW,,,1,3.7,3,100,11:05,10:57,28.08,771.7,58.2,4.79,375,306,NA,NA,0.18,8.8,-115.2,NA,187,,,,,2,2,Y,Y,,,
ODNR_2,7/29/25,41.4798,-82.7829,210,11:31,4,100%,0-1,27,5,N,30,30,1,2.2,5,100,11:43,11:34,28,771.7,76.4,6.3,370,391,NA,NA,0.18,8.92,-121.6,NA,185,,,,,2,2,Y,Y,,,
Buoy_2,7/29/25,41.4632,-82.769,210,11:50,3,90%,0-1,27,6,N,35,35,1,2.6,2,100,11:58,11:51,27.97,771.6,72.5,5.98,338,357,NA,NA,0.16,9.02,-127.5,NA,169,,,,,2,2,Y,Y,,,
ODNR_1,7/29/25,41.4774,-82.7398,210,12:04,3,80%,0-1,27,5,N,35,40,1,2.9,3,100,12:15,12:05,27.71,771.3,82,6.79,319,336,NA,NA,0.15,9.15,-134.9,NA,160,,,,,2,2,Y,Y,,,
EC_1163,7/29/25,41.469,-82.715,210,12:20,3,50%,1-2,27,6,NNE,40,45,1,3.3,3,100,12:30,12:23,26.87,772.7,81.5,6.86,290,301,NA,NA,0.14,9.33,-144.7,NA,145,,,,,2,2,Y,Y,,,
Causeway,7/29/25,41.4597,-82.676,210,12:36,2,50%,0-1,27,5,NNE,25,25,1,1.2,4,100,12:44,12:38,28.27,772.2,74.8,6.14,313,332,NA,NA,0.15,9.08,-130.3,NA,156,,,,,2,2,Y,Y,,,
Bells,7/29/25,41.5117,-82.658,210,12:58,2,40,0-1,27,4,N,110,120,1,9.4,2,250,1:10,13:01,27.15,772.7,85.2,7.14,265,276,NA,NA,0.12,9.57,-158.1,NA,133,,,,,2,2,Y,Y,,,
Muddy Creek,8/5/25,41.4561,-83.0071,217,9:45,3,70%,0-1,24,3,ESE,15,15,1,0.9,2,100,10:00,9:51,25.2,772.1,100.1,8.67,526,528,NA,263,0.25,8.82,-115.4,NA,,,,,,,,,,,,
ODNR_4,8/5/25,41.4533,-82.9608,217,10:11,3,70%,0-1,24,3,ESE,20,15,1,1.6,3,100,10:25,10:14,24.48,772.9,86.2,7.6,456,451,NA,228,0.22,8.85,-116.8,NA,,,,,,,,,,,,
ODNR_6,8/5/25,41.4573,-82.8987,217,10:35,3,70%,0-1,23,0,ENE,18,18,1,2.1,5,100,10:52,10:35,24.74,773,97.2,8.53,373,371,NA,186,0.18,9.87,-173.6,NA,,,,,,,,,,,,
Bridge,8/5/25,41.4802,-82.8343,217,11:03,3,70%,0-1,24,0,SE,,,1,3.6,3,100,11:18,11:03,24.76,773.4,80.2,7.04,382,380,NA,191,0.18,9.5,-152.9,NA,,,,,,,,,,,,
ODNR_2,8/5/25,41.4798,-82.7829,217,11:56,3,60%,0-1,26,3,ESE,20,20,1,2.3,5,100,12:12,11:56,25.12,774.8,96.8,8.47,366,367,NA,183,0.17,9.69,-163.9,NA,,,,,,,,,,,,
Buoy_2,8/5/25,41.4632,-82.769,217,NA,NA,NA,NA,NA,NA,NA,NA,NA,NA,NA,NA,NA,NA,NA,NA,NA,NA,NA,NA,NA,NA,NA,NA,NA,NA,NA,NA,NA,NA,NA,NA,NA,NA,NA,NA,NA,NA,Sailing camp inhibited sampling
ODNR_1,8/5/25,41.4774,-82.7398,217,NA,NA,NA,NA,NA,NA,NA,NA,NA,NA,NA,NA,NA,NA,NA,NA,NA,NA,NA,NA,NA,NA,NA,NA,NA,NA,NA,NA,NA,NA,NA,NA,NA,NA,NA,NA,NA,NA,Sailing camp inhibited sampling
EC_1163,8/5/25,41.469,-82.715,217,13:12,2,30%,0-1,27,4,ENE,20,18,1,3.3,3,100,13:30,13:12,25.27,774.4,105,9.16,331,333,NA,166,0.16,9.46,-151,NA,,,,,,,,,,,,
Causeway,8/5/25,41.4597,-82.676,217,13:36,2,30%,0-1,26,2,ENE,30,30,1,1.1,4,100,13:55,13:36,25.09,775.2,106.3,9.32,322,322,NA,161,0.15,9.64,-161.2,NA,,,,,,,,,,,,
Bells,8/5/25,41.5117,-82.658,217,14:11,2,30%,2-3,28,3,NE,70,70,1,9.4,2,150,14:25,14:11,25.54,774.8,93.4,8.12,265,268,NA,133,0.13,9.13,-132.9,NA,,,,,,,,,,,,
Muddy Creek,8/12/25,41.4561,-83.0071,224,9:32,0,0%,1-2,29,3,SW,10,10,1,0.8,2,75,9:48,9:32,27.86,768.6,60.4,4.95,511,539,NA,256,0.24,8.81,-115.7,NA,,,,,,2,2,Y,Y,,,
ODNR_4,8/12/25,41.4533,-82.9608,224,9:56,0,0%,0-1,29,1,SSW,10,10,1,1.5,3,75,10:06,9:56,27.29,769.5,66.8,5.53,394,411,NA,197,0.19,9.19,-136.8,NA,,,,,,2,2,Y,Y,,,
ODNR_6,8/12/25,41.4573,-82.8987,224,10:14,0,0%,0-1,29,1,SSW,25,25,1,1.9,5,75,10:26,10:14,27.91,770.4,81.1,6.67,396,418,NA,198,0.19,9.52,-155.5,NA,,,,,,2,2,Y,Y,,,
Bridge,8/12/25,41.4802,-82.8343,224,10:31,0,0%,0-1,29,1,SSW,,,1,2.6,3,75,10:43,10:31,28.28,769.7,70.2,5.73,398,423,NA,199,0.19,9.29,-143,NA,,,,,,2,2,Y,Y,,,
ODNR_2,8/12/25,41.4798,-82.7829,224,11:01,0,0%,0-1,28,3,SW,35,40,1,2.3,3,75,11:09,11:01,27.85,769.6,94.9,7.8,372,392,NA,186,0.18,9.69,-165.2,NA,,,,,,2,2,Y,Y,,,
Buoy_2,8/12/25,41.4632,-82.769,224,11:15,0,0%,0-1,29,1,S,30,25,1,2.5,3,100,11:26,11:15,27.43,770.7,88.8,7.37,371,388,NA,186,0.18,9.45,-151.8,NA,,,,,,2,2,Y,Y,,,
ODNR_1,8/12/25,41.4774,-82.7398,224,11:30,0,0%,0-1,30,1,SW,35,35,1,2.8,3,100,11:43,11:30,27.66,770.7,87.8,7.26,361,379,NA,180,0.17,9.52,-155.5,NA,,,,,,2,2,Y,Y,,,
EC_1163,8/12/25,41.469,-82.715,224,11:48,0,0%,0-1,31,1,SSW,30,30,1,3.5,3,100,12:00,11:48,27.21,771.1,82.1,6.85,335,349,NA,168,0.16,9.54,-156.4,NA,,,,,,2,2,Y,Y,,,
Causeway,8/12/25,41.4597,-82.676,224,12:08,0,0%,0-1,31,1,SSW,30,25,1,1.1,4,100,12:22,12:08,27.73,771.3,87.2,7.22,321,338,NA,161,0.15,9.45,-151.6,NA,,,,,,2,2,Y,Y,,,
Bells,8/12/25,41.5117,-82.658,224,12:31,0,0%,0-1,30,1,SW,150,150,1,9.5,2,250,12:42,12:31,25.84,770.3,87.9,7.5,264,269,NA,132,0.12,9.28,-141.1,NA,,,,,,2,2,Y,Y,,,
Muddy Creek,8/20/25,41.4561,-83.0071,232,,3,100%,0-1,21,4,N,10,10,1,0.9,3,50,10:27,,24.593,745.1,57.5,4.78,538.7,534.5,539.1,350,0.26,8.1,-117.2,56.35,0,3.54,3.01,10.98,38.88,2,2,Y,Y,,,
ODNR_4,8/20/25,41.4533,-82.9608,232,,3,100%,1-2,21,5,N,20,30,1,1.4,3,100,10:45,,NA,745.1,NA,NA,NA,NA,NA,NA,NA,NA,NA,NA,NA,NA,NA,NA,NA,2,2,Y,Y,,,
ODNR_6,8/20/25,41.4573,-82.8987,232,,3,100%,1-2,21,5,N,20,20,1,2,5,75,10:55,,24.961,745.2,71.9,5.94,434.8,434.5,434.9,283,0.21,8.73,-151.3,18.95,0,5.76,4.72,9.65,34.25,2,2,Y,Y,,,
Bridge,8/20/25,41.4802,-82.8343,232,,3,100%,1-2,22,6,N,,,1,,3,75,11:10,,24.11,745.3,84.3,6.99,NA,NA,NA,NA,0,8.62,-145.2,2.24,0,1.09,1.13,0.36,1.92,2,2,Y,Y,,,
ODNR_2,8/20/25,41.4798,-82.7829,232,,3,100%,1-2,21,5,N,30,25,1,2.3,5,100,11:42,,24.882,745.3,88.3,7.42,373.4,372.5,373.4,243,0.18,9.18,-174.9,16.34,0,7.78,6.27,9.45,33.57,2,2,Y,Y,,,
Buoy_2,8/20/25,41.4632,-82.769,232,,3,100%,1-2,21,5,N,30,30,1,2.6,2,100,12:00,,24.951,745.1,78.8,6.56,376.6,376.2,376.6,245,0.18,8.89,-159.8,12.39,0,5.89,4.82,8.74,31.08,2,2,Y,Y,,,
ODNR_1,8/20/25,41.4774,-82.7398,232,,3,100%,1-2,22,6,N,30,30,1,2.9,3,100,12:19,,25.025,745.2,74.8,6.18,347.2,347.4,347.2,226,0.16,8.63,-145.8,11.37,0,4.71,3.91,7.04,25.18,2,2,Y,Y,,,
EC_1163,8/20/25,41.469,-82.715,232,,3,100%,1-2,22,7,N,40,40,1,3.5,3,100,12:41,,24.756,745,99.9,8.3,278.7,277.4,278.9,181,0.13,8.92,-161.4,12,0,2.74,2.4,5.77,20.75,2,2,Y,Y,,,
Causeway,8/20/25,41.4597,-82.676,232,,3,100%,0-1,22,7,N,30,35,1,1.1,4,100,1:01,,23.379,745,97,8.26,NA,0.6,0.7,0,0,8.65,-146.6,3.95,0,1.22,1.23,0.66,2.96,2,2,Y,Y,,,
Bells,8/20/25,41.5117,-82.658,232,NA,NA,NA,NA,NA,NA,NA,NA,NA,NA,NA,NA,NA,NA,NA,NA,NA,NA,NA,NA,NA,NA,NA,NA,NA,NA,NA,NA,NA,NA,NA,NA,NA,NA,NA,NA,NA,NA,Sampling called off due to waves
Muddy Creek,8/26/25,41.4561,-83.0071,238,,1,0%,0-1,16,3,E,15,15,1,0.7,2,75,10:01,,19.739,749.2,72.8,6.62,519.9,467.7,524.8,338,0.25,8.31,-127.4,40.7,0,3.23,2.78,9.56,33.94,2,2,Y,Y,,,
ODNR_4,8/26/25,41.4533,-82.9608,238,,1,0%,0-1,16,4,E,30,35,1,1.3,3,100,10:24,,20.737,749.3,74.2,6.64,499.5,458.8,503.3,325,0.24,8.8,-153.6,20.07,0,NaN,NaN,NaN,NaN,2,2,Y,Y,,,
ODNR_6,8/26/25,41.4573,-82.8987,238,,1,0%,1-2,17,4,E,35,35,1,1.8,5,100,10:49,,20.689,749.3,89.8,8.05,470,431.3,473.6,305,0.23,8.82,-154.6,13.81,0,5.74,4.7,9.97,35.38,2,2,Y,Y,,,
Bridge,8/26/25,41.4802,-82.8343,238,,1,0%,1-2,17,5,E,,,1,3.6,3,75,11:04,,20.96,749.3,99,8.83,449.4,414.7,452.7,292,0.22,8.84,-156,26.32,0,5.04,4.16,11.22,39.72,2,2,Y,Y,,,
ODNR_2,8/26/25,41.4798,-82.7829,238,,2,30%,0-1,18,5,E,40,50,1,2.2,5,100,11:44,,21.111,749.3,101.1,8.99,387.3,358.5,390.1,252,0.19,9.32,-181.6,14.98,0,4.76,3.95,12.08,42.7,2,2,Y,Y,,,
Buoy_2,8/26/25,41.4632,-82.769,238,,2,30%,0-1,18,5,E,40,50,1,2.5,2,100,11:58,,21.758,749.2,94.9,8.25,363.8,341.3,366,236,0.17,9.06,-167.9,11,0,4.29,3.59,7.93,28.28,2,2,Y,Y,,,
ODNR_1,8/26/25,41.4774,-82.7398,238,,2,30%,1-2,18,5,E,40,50,1,2.8,3,100,12:15,,21.911,749.2,94.5,8.26,369.7,347.9,371.8,240,0.18,9.02,-165.8,10.66,0,4.4,3.67,6.33,22.72,2,2,Y,Y,,,
EC_1163,8/26/25,41.469,-82.715,238,,2,40%,2-3,18,6,E,50,50,1,3.4,3,100,12:36,,22.838,749.2,114.3,9.83,267.5,256.5,268.6,174,0.13,9.12,-171.6,2.98,0,0.97,1.04,2.99,11.09,2,2,Y,Y,,,
Causeway,8/26/25,41.4597,-82.676,238,,2,40%,1-2,19,6,SE,30,35,1,1,4,100,12:52,,22.051,749.2,108.5,9.44,321.9,303.8,323.7,209,0.15,9.24,-177.3,27.36,0,2.89,2.52,6.59,23.6,2,2,Y,Y,,,
Bells,8/26/25,41.5117,-82.658,238,NA,NA,NA,NA,NA,NA,NA,NA,NA,NA,NA,NA,NA,NA,NA,NA,NA,NA,NA,NA,NA,NA,NA,NA,NA,NA,NA,NA,NA,NA,NA,NA,NA,NA,NA,NA,NA,NA,Not sampled
Muddy Creek,9/2/25,41.4561,-83.0071,245,,1,10%,0,18,1,N,10,12,1,0.8,3,75,9:52,,20.845,748.4,70.3,6.28,532.8,490.5,536.8,346,0.26,8.39,-132.1,56.33,0,2,1.83,8.29,29.54,2,2,Y,Y,,,
ODNR_4,9/2/25,41.4533,-82.9608,245,,1,10%,0,18,1,N,22,24,1,1.4,3,75,10:16,,21.013,748.3,78.1,6.94,518.2,478.8,522,337,0.25,8.51,-138.5,18.18,0,2.02,1.84,6.92,24.75,2,2,Y,Y,,,
ODNR_6,9/2/25,41.4573,-82.8987,245,,1,10%,0,19,1,NW,40,42,1,1.9,5,100,10:41,,20.846,748.3,69.4,6.19,476.1,438.3,479.7,309,0.23,8.59,-142.4,7.47,0,1.87,1.73,3.72,13.62,2,2,Y,Y,,,
Bridge,9/2/25,41.4802,-82.8343,245,,1,10%,0,19,1,N,,,1,3.4,3,100,10:59,,21.531,748.3,77.6,6.86,443.7,414.3,446.5,288,0.21,8.75,-151.3,8.97,0,2.18,1.97,3.2,11.8,2,2,Y,Y,,,
ODNR_2,9/2/25,41.4798,-82.7829,245,,1,10%,0,20,1,W,38,40,1,2.2,5,75,11:33,,20.922,748.1,89.7,7.89,421.7,388.9,424.8,274,0.2,9.3,-180,7.74,0,2.76,2.41,4.44,16.14,2,2,Y,Y,,,
Buoy_2,9/2/25,41.4632,-82.769,245,,1,10%,0,20,2,W,46,44,1,2.4,2,100,11:49,,21.061,748,86.3,7.68,397.4,367.5,400.3,258,0.19,9.12,-171,7.24,0,1.91,1.76,3.38,12.44,2,2,Y,Y,,,
ODNR_1,9/2/25,41.4774,-82.7398,245,,1,10%,0,20,2,W,46,48,1,2.7,3,100,12:07,,21.252,747.7,82.7,7.29,345.1,320.4,347.4,224,0.16,9.15,-172.7,5.72,0,1.46,1.42,3.18,11.73,2,2,Y,Y,,,
EC_1163,9/2/25,41.469,-82.715,245,,1,10%,0-1,20,2,W,52,54,1,3.1,3,100,12:30,,21.431,747.6,100.5,8.88,303.7,283,305.6,197,0.14,9.29,-180.1,3.85,0,1.16,1.18,2.72,10.13,2,2,Y,Y,,,
Causeway,9/2/25,41.4597,-82.676,245,,1,10%,0-1,21,2,SW,40,42,1,1,4,75,12:57,,20.778,747.4,105.9,9.47,300,275.8,302.3,195,0.14,9.37,-184.1,8.03,0,1.68,1.58,5.05,18.26,2,2,Y,Y,,,
Bells,9/2/25,41.5117,-82.658,245,,1,10%,1-2,21,2,SW,80,80,1,9.4,2,200,1:42,,22.345,747.2,109,9.46,259.6,246.5,260.9,169,0.12,9.32,-182,1.73,0,0.37,0.58,1.83,7.06,2,2,Y,Y,,,
Muddy Creek,9/9/2025,41.4561,-83.0071,252,,1,20%,0,15,2,N,10,15,1,0.7,2,75,10:06,9:50,18.432,751.5,75.1,6.93,639.2,559,646.4,415,0.31,8.49,-136.4,90.99,0,2.78,2.43,8.97,31.88,2,2,Y,y,,Y,
ODNR_4,9/9/2025,41.4533,-82.9608,252,,1,10%,1,17,2,N,30,30,1,1.2,4,75,10:27,10:22,19.136,751.4,79.9,7.37,578.2,513.4,584.1,376,0.28,8.47,-135.6,16.62,0,1.75,1.63,4.43,16.1,2,2,Y,y,,Y,
ODNR_6,9/9/2025,41.4573,-82.8987,252,,1,10%,1,17,2,N,30,30,1,1.8,5,75,10:42,10:38,19.095,751.5,77.9,7.16,505.5,448.5,510.6,329,0.24,8.34,-128.6,11.63,0,3.11,2.68,4.67,16.93,2,2,Y,y,,Y,
Bridge,9/9/2025,41.4802,-82.8343,252,,1,10%,0,17,2,N,,,1,3.4,3,75,10:56,10:54,19.208,751.4,68.3,6.29,469.5,417.6,474.3,305,0.23,8.29,-126.2,14.96,0,2.74,2.4,3.51,12.9,2,2,Y,y,,Y,
ODNR_2,9/9/2025,41.4798,-82.7829,252,,1,10%,1,19,2,N,50,55,1,2.1,5,100,11:33,11:24,19.459,751.3,90.5,8.3,398.5,356.4,402.4,259,0.19,8.88,-157.7,6.07,0,2,1.83,2.95,10.95,2,2,Y,y,,Y,
Buoy_2,9/9/2025,41.4632,-82.769,252,,1,10%,1,19,2,W,45,50,1,2.4,2,100,11:43,11:41,19.53,751.1,88.8,7.99,335.2,300.1,338.4,218,0.16,8.92,-159.7,5.18,0,1.3,1.29,2.69,10.04,2,2,Y,y,,Y,
ODNR_1,9/9/2025,41.4774,-82.7398,252,,1,10%,1,19,2,W,50,45,1,2.7,3,100,11:57,11:52,19.717,751.1,85.6,7.71,333.8,300.1,336.9,217,0.16,8.71,-148.5,5.8,0,0.98,1.05,1.76,6.81,2,2,Y,y,,Y,
EC_1163,9/9/2025,41.469,-82.715,252,,1,10%,1,19,2,W,50,55,1,3.2,3,100,12:12,12:06,19.544,751.1,93.2,8.54,318.5,285.4,321.6,207,0.15,8.89,-158.1,4.5,0,1.13,1.16,2.14,8.14,2,2,Y,y,,Y,
Causeway,9/9/2025,41.4597,-82.676,252,,1,10%,0,19,2,W,30,35,1,0.9,4,100,12:27,12:20,18.687,751,105.5,9.85,323.9,284.8,327.4,211,0.15,9.15,-171.4,8.24,0,1.84,1.71,4.44,16.11,2,2,Y,y,,Y,
Bells,9/9/2025,41.5117,-82.658,252,,1,10%,1-2,20,2,W,120,125,1,9.3,2,100,12:50,12:43,20.77,751,98.6,8.79,274.7,252.5,276.8,179,0.13,8.97,-162.8,-1.4,0,0.34,0.55,1.26,5.07,2,2,Y,y,,Y,
Muddy Creek,9/16/25,41.4561,-83.0071,259,,1,30%,0-1,21.1,2,SW ,20,20,1,0.8,2,100,10:10,10:01:53 AM,22.121,750.5,71.1,6.22,639.4,604.3,642.9,416,0.31,8.3,-127.5,17.4,0,2.07,1.88,6.81,24.37,2,2,y,y,,N,
ODNR_4,9/16/25,41.4533,-82.9608,259,,1,30%,0-1,21.6,2,SW ,45,50,1,1.3,3,100,10:36,10:29:12 AM,21.971,750.7,83.1,7.28,539.3,508.1,542.3,351,0.26,8.39,-132.1,15.1,0,2.68,2.35,3.65,13.37,2,2,y,y,,N,
ODNR_6,9/16/25,41.4573,-82.8987,259,,1,25%,0-1,21.1,3,NE,30,30,1,1.8,5,100,10:58,10:50:42 AM,21.805,750.6,82.3,7.21,494.1,463.9,497,321,0.24,8.52,-139,11.11,0,1.61,1.53,2.63,9.83,2,2,y,y,,N,
Bridge,9/16/25,41.4802,-82.8343,259,,1,25%,0-1,21.6,2,SW,,,1,3.2,3,100,11:14,11:11:55 AM,22.966,750.5,97.7,8.43,NA,14.4,15,10,0.01,8.42,-133.6,17.64,0,-0.07,0.24,0.05,0.85,2,2,y,y,,N,
ODNR_2,9/16/25,41.4798,-82.7829,259,,1,25%,1-2,21.1,2,SW,45,40,1,2.1,5,100,11:49,11:43:02 AM,22.112,750.5,99.9,8.71,397.7,375.7,399.8,258,0.19,9.14,-172.5,8.64,0,2.84,2.47,2.97,11,2,2,y,y,,N,
Buoy_2,9/16/25,41.4632,-82.769,259,,1,25%,1-2,21.1,2,SW,50,50,1,2.4,2,100,12:05,11:59:59 AM,22.003,750.5,88.8,7.74,375.2,353.7,377.3,244,0.18,8.78,-152.9,7.96,0,1.55,1.48,1.82,7.02,2,2,y,y,,N,
ODNR_1,9/16/25,41.4774,-82.7398,259,,1,25%,1-2,21.1,2,SW,60,65,1,2.8,3,100,12:23,12:13:30 PM,22.274,750.4,90.1,7.84,355.9,337.4,357.7,231,0.17,8.82,-155.5,4.98,0,1.43,1.39,1.56,6.11,2,2,y,y,,N,
EC_1163,9/16/25,41.469,-82.715,259,,1,25%,1-2,21.1,1,SW,35,40,1,3.1,3,100,12:32,12:28:17 PM,23.23,750.3,97.4,8.38,NA,10.3,10.7,7,0,8.56,-141.1,8.75,0,0.89,0.98,0.24,1.52,2,2,y,y,,N,
Causeway,9/16/25,41.4597,-82.676,259,,1,25%,1-2,21.6,1,SW,40,40,1,0.9,4,100,12:49,12:44:36 PM,22.225,750.3,103,8.95,311.5,295,313.1,202,0.15,9.01,-165.6,7.7,0,0.9,0.98,2.24,8.45,2,2,y,y,,N,
Bells,9/16/25,41.5117,-82.658,259,,NA,NA ,NA,NA,NA,NA,NA,NA,NA,NA,NA,NA,NA,NA,NA,NA,NA,NA,NA,NA,NA,NA,NA,NA,NA,NA,NA,NA,NA,NA,NA,NA,NA,NA,NA,NA,NA,